"Specie","Freq"
"Abarema langsdorffii",18
"Abatia angeliana",5
"Abildgaardia ovata",1
"Abrodictyum rigidum",20
"Abuta selloana",9
"Abutilon amoenum",2
"Abutilon darwinii",1
"Abutilon fluviatile",1
"Abutilon megapotamicum",3
"Abutilon rufinerve",5
"Abutilon umbelliflorum",4
"Acacia martiusiana",2
"Acacia nitidifolia",5
"Acacia plumosa",1
"Acacia velutina",1
"Acaena eupatoria",5
"Acalypha brasiliensis",2
"Acalypha communis",3
"Acalypha gracilis",26
"Acalypha poiretii",1
"Acanthospermum australe",9
"Acca sellowiana",16
"Achatocarpus praecox",1
"Achetaria ocymoides",1
"Achyrocline alata",2
"Achyrocline flaccida",1
"Achyrocline satureioides",28
"Acianthera aphthosa",4
"Acianthera auriculata",4
"Acianthera bragae",4
"Acianthera cryptantha",1
"Acianthera exarticulata",1
"Acianthera glanduligera",8
"Acianthera hygrophila",6
"Acianthera luteola",8
"Acianthera macropoda",1
"Acianthera murexoidea",1
"Acianthera oligantha",5
"Acianthera panduripetala",3
"Acianthera pardipes",1
"Acianthera pubescens",3
"Acianthera ramosa",1
"Acianthera recurva",1
"Acianthera saundersiana",11
"Acianthera saurocephala",4
"Acianthera serpentula",2
"Acianthera sonderiana",29
"Acianthera strupifolia",1
"Acicarpha spathulata",11
"Acicarpha tribuloides",4
"Acisanthera alsinaefolia",6
"Acisanthera variabilis",4
"Acmella bellidioides",3
"Acmella serratifolia",2
"Acnistus arborescens",11
"Acroceras zizanioides",1
"Acrostichum danaeifolium",4
"Actinocephalus polyanthus",2
"Actinostemon concolor",58
"Adelothecium bogotense",1
"Adenocalymma apterospermum",1
"Adenocalymma dusenii",2
"Adenocalymma marginatum",10
"Adenostemma brasilianum",12
"Adenostemma verbesina",9
"Adesmia ciliata",4
"Adesmia psoraleoides",4
"Adesmia reitziana",1
"Adesmia sulina",2
"Adesmia tristis",2
"Adesmia vallsii",1
"Adiantopsis chlorophylla",15
"Adiantopsis perfasciculata",8
"Adiantopsis radiata",7
"Adiantopsis regularis",3
"Adiantum abscissum",6
"Adiantum curvatum",7
"Adiantum latifolium",1
"Adiantum lorentzii",1
"Adiantum pentadactylon",27
"Adiantum petiolatum",1
"Adiantum pseudotinctum",11
"Adiantum raddianum",41
"Adiantum tetraphyllum",1
"Aechmea blumenavii",25
"Aechmea calyculata",8
"Aechmea candida",3
"Aechmea caudata",41
"Aechmea comata",6
"Aechmea cylindrata",5
"Aechmea distichantha",10
"Aechmea gamosepala",28
"Aechmea kertesziae",11
"Aechmea nudicaulis",36
"Aechmea ornata",32
"Aechmea pectinata",3
"Aechmea recurvata",39
"Aegiphila brachiata",8
"Aegiphila integrifolia",24
"Aegiphila obducta",64
"Aegiphila riedeliana",3
"Aeschynomene falcata",2
"Agalinis communis",2
"Agalinis genistifolia",1
"Agalinis linarioides",1
"Agarista chlorantha",1
"Agarista eucalyptoides",4
"Agarista niederleinii",4
"Agarista pulchella",4
"Agenium leptocladum",1
"Agenium villosum",4
"Ageratum fastigiatum",1
"Agonandra excelsa",3
"Agrimonia hirsuta",2
"Agrostis lenis",4
"Agrostis longiberbis",4
"Agrostis montevidensis",11
"Aiouea acarodomatifera",5
"Aiouea saligna",9
"Alansmia reclinata",35
"Alatiglossum macropetalum",1
"Albizia burkartiana",1
"Albizia edwallii",6
"Albizia niopoides",2
"Alchornea glandulosa",29
"Alchornea sidifolia",15
"Alchornea triplinervia",46
"Allamanda cathartica",5
"Allamanda schottii",1
"Allophylus edulis",43
"Allophylus guaraniticus",30
"Allophylus petiolulatus",43
"Aloysia gratissima",4
"Aloysia polygalifolia",1
"Aloysia virgata",12
"Alseis floribunda",16
"Alsophila setosa",39
"Alstroemeria apertiflora",1
"Alstroemeria isabellana",3
"Alstroemeria sellowiana",1
"Alternanthera brasiliana",5
"Alternanthera littoralis",3
"Alternanthera maritima",6
"Alternanthera micrantha",4
"Alternanthera paronychioides",1
"Alternanthera philoxeroides",6
"Alternanthera praelonga",1
"Alternanthera reineckii",2
"Alternanthera tenella",1
"Amaioua guianensis",22
"Amaioua intermedia",10
"Ambrosia polystachya",1
"Amphibromus quadridentulus",3
"Amphilophium crucigerum",27
"Amphilophium dolichoides",1
"Amphilophium paniculatum",2
"Anagallis filiformis",6
"Ananas ananassoides",1
"Ananas bracteatus",1
"Ananas fritzmuelleri",1
"Anathallis adenochila",1
"Anathallis dryadum",1
"Anathallis linearifolia",3
"Anathallis malmeana",2
"Anathallis microphyta",2
"Anathallis obovata",2
"Anathallis rubens",16
"Anathallis sclerophylla",5
"Anchietea pyrifolia",19
"Andira anthelmia",1
"Andira fraxinifolia",18
"Andropogon arenarius",1
"Andropogon bicornis",14
"Andropogon lateralis",15
"Andropogon leucostachyus",13
"Andropogon lindmanii",1
"Andropogon macrothrix",9
"Andropogon selloanus",5
"Andropogon virgatus",5
"Androtrichum trigynum",5
"Anemia phyllitidis",185
"Anemia raddiana",24
"Anemia tomentosa",18
"Anemopaegma prostratum",3
"Anetium citrifolium",2
"Angelonia integerrima",3
"Aniba firmula",18
"Annona cacans",2
"Annona emarginata",48
"Annona glabra",2
"Annona maritima",1
"Annona neosalicifolia",2
"Annona neosericea",43
"Annona sylvatica",25
"Anoectangium aestivum",1
"Anogramma chaerophylla",1
"Anredera cordifolia",19
"Anthoceros punctatus",1
"Anthurium acutum",20
"Anthurium gaudichaudianum",139
"Anthurium loefgrenii",3
"Anthurium pentaphyllum",65
"Anthurium scandens",90
"Anthurium sellowianum",5
"Anthurium urvilleanum",13
"Aparisthmium cordatum",9
"Aphelandra chamissoniana",38
"Aphelandra liboniana",15
"Apoclada simplex",5
"Apodanthera laciniosa",2
"Apuleia leiocarpa",2
"Aralia warmingiana",1
"Araucaria angustifolia",19
"Araujia sericifera",2
"Ardisia guianensis",9
"Aristida brasiliensis",1
"Aristida circinalis",2
"Aristida flaccida",10
"Aristida jubata",9
"Aristida laevis",1
"Aristida macrophylla",1
"Aristida megapotamica",11
"Aristida pallens",1
"Aristolochia fimbriata",1
"Aristolochia triangularis",9
"Arthrosia auriculata",1
"Arthrosia hygrophila",3
"Asclepias mellodora",2
"Ascolepis brasiliensis",4
"Aspasia lunata",3
"Aspidogyne bicolor",1
"Aspidogyne bruxelii",1
"Aspidogyne commelinoides",4
"Aspidogyne fimbrillaris",2
"Aspidogyne kuczynskii",1
"Aspidogyne lindleyana",1
"Aspidosperma australe",15
"Aspidosperma camporum",1
"Aspidosperma cylindrocarpon",1
"Aspidosperma olivaceum",3
"Aspidosperma parvifolium",1
"Aspidosperma pyricollum",8
"Aspidosperma ramiflorum",7
"Aspidosperma tomentosum",8
"Aspilia montevidensis",19
"Asplenium abscissum",10
"Asplenium alatum",5
"Asplenium auriculatum",3
"Asplenium brasiliense",40
"Asplenium claussenii",62
"Asplenium feei",9
"Asplenium formosum",2
"Asplenium gastonis",74
"Asplenium harpeodes",75
"Asplenium inaequilaterale",30
"Asplenium incurvatum",34
"Asplenium kunzeanum",61
"Asplenium lacinulatum",3
"Asplenium martianum",14
"Asplenium mucronatum",71
"Asplenium muellerianum",1
"Asplenium oligophyllum",40
"Asplenium pseudonitidum",13
"Asplenium pteropus",32
"Asplenium raddianum",7
"Asplenium radicans",2
"Asplenium sellowianum",1
"Asplenium serra",18
"Asplenium serratum",5
"Asplenium squamosum",2
"Asplenium uniseriale",18
"Asplundia polymera",23
"Asterella venosa",1
"Asterostigma reticulatum",3
"Asterostigma tweedianum",1
"Astraea lobata",3
"Astrocaryum aculeatissimum",1
"Ateleia glazioveana",8
"Athenaea picta",8
"Athyrium dombeyi",2
"Attalea dubia",2
"Aulonemia aristulata",1
"Aulonemia lanciflora",2
"Aulonemia radiata",1
"Aureliana fasciculata",17
"Aureliana tomentosa",1
"Aureliana wettsteiniana",24
"Austroeupatorium inulaefolium",45
"Austroeupatorium inulifolium",6
"Austroeupatorium laetevirens",2
"Austroeupatorium picturatum",5
"Avicennia schaueriana",23
"Axonopus compressus",10
"Axonopus fissifolius",3
"Axonopus obtusifolius",6
"Axonopus polystachyus",4
"Axonopus scoparius",1
"Axonopus siccus",4
"Axonopus suffultus",8
"Azara uruguayensis",2
"Baccharis aliena",12
"Baccharis angusticeps",3
"Baccharis anomala",46
"Baccharis aracatubensis",2
"Baccharis articulata",23
"Baccharis brevifolia",1
"Baccharis breviseta",1
"Baccharis calvescens",17
"Baccharis cognata",1
"Baccharis conyzoides",6
"Baccharis coridifolia",3
"Baccharis crispa",36
"Baccharis cultrata",2
"Baccharis curitybensis",2
"Baccharis deblei",1
"Baccharis dentata",11
"Baccharis dracunculifolia",53
"Baccharis erigeroides",9
"Baccharis erioclada",6
"Baccharis gnaphalioides",2
"Baccharis helichrysoides",6
"Baccharis illinita",4
"Baccharis incisa",1
"Baccharis intermixta",9
"Baccharis junciformis",4
"Baccharis leucocephala",6
"Baccharis leucopappa",7
"Baccharis linearifolia",2
"Baccharis lymanii",4
"Baccharis megapotamica",7
"Baccharis mesoneura",3
"Baccharis microdonta",21
"Baccharis milleflora",7
"Baccharis minutiflora",1
"Baccharis montana",6
"Baccharis myricifolia",1
"Baccharis nummularia",4
"Baccharis oblongifolia",36
"Baccharis ochracea",1
"Baccharis oreophila",6
"Baccharis organensis",2
"Baccharis oxyodonta",13
"Baccharis pauciflosculosa",1
"Baccharis pentaptera",4
"Baccharis pentodonta",8
"Baccharis pseudomyriocephala",1
"Baccharis pseudovillosa",3
"Baccharis psiadioides",1
"Baccharis punctulata",15
"Baccharis ramboi",1
"Baccharis retusa",1
"Baccharis sagittalis",4
"Baccharis selloi",1
"Baccharis semiserrata",24
"Baccharis serrulata",6
"Baccharis singularis",9
"Baccharis spicata",10
"Baccharis subdentata",3
"Baccharis subtropicalis",4
"Baccharis tridentata",5
"Baccharis trimera",10
"Baccharis uncinella",21
"Baccharis usterii",2
"Baccharis vulneraria",4
"Baccharis wagenitzii",3
"Baccharis weirii",1
"Bacopa monnieri",4
"Bacopa stricta",1
"Bactris setosa",11
"Balfourodendron riedelianum",5
"Banara parviflora",6
"Banara tomentosa",11
"Barbosella cogniauxiana",2
"Barbosella dusenii",1
"Barbosella gardneri",1
"Barbosella miersii",2
"Barrosoa candolleana",10
"Barrosoa ramboi",1
"Bathysa australis",42
"Bauhinia forficata",35
"Bauhinia uruguayensis",1
"Bazzania nitida",1
"Becquerelia cymosa",4
"Becquerelia muricata",5
"Begonia angulata",3
"Begonia barkleyana",1
"Begonia biguassuensis",5
"Begonia calvescens",8
"Begonia catharinensis",11
"Begonia coccinea",1
"Begonia convolvulacea",6
"Begonia cucullata",9
"Begonia descoleana",17
"Begonia echinosepala",2
"Begonia fischeri",17
"Begonia fruticosa",53
"Begonia garuvae",1
"Begonia hammoniae",22
"Begonia hirtella",11
"Begonia hispida",1
"Begonia isopterocarpa",3
"Begonia konder-reisiana",4
"Begonia parvistipulata",1
"Begonia per-dusenii",7
"Begonia pilgeriana",7
"Begonia polyandra",8
"Begonia radicans",51
"Begonia schenckii",1
"Begonia squamipes",3
"Begonia stenolepis",3
"Begonia subvillosa",1
"Berberis laurina",11
"Bernardia pulchella",32
"Bertolonia acuminata",6
"Bertolonia mosenii",77
"Bidens segetum",2
"Bifrenaria aureofulva",15
"Bifrenaria harrisoniae",9
"Bifrenaria inodora",1
"Bifrenaria tetragona",1
"Bignonia binata",2
"Billbergia alfonsi-joannis",3
"Billbergia amoena",3
"Billbergia distachia",31
"Billbergia nutans",25
"Billbergia zebrina",8
"Bixa orellana",4
"Blechnum auriculatum",1
"Blechnum austrobrasilianum",1
"Blechnum brasiliense",86
"Blechnum cordatum",46
"Blechnum divergens",8
"Blechnum gracile",1
"Blechnum occidentale",33
"Blechnum polypodioides",57
"Blechnum sampaioanum",19
"Blechnum schomburgkii",13
"Blechnum serrulatum",24
"Blepharocalyx salicifolius",15
"Blumenbachia catharinensis",1
"Blumenbachia eichleri",2
"Blumenbachia latifolia",1
"Blutaparon portulacoides",6
"Boehmeria caudata",45
"Boehmeria cylindrica",3
"Bolbitis serratifolia",1
"Bomarea edulis",12
"Boopis bupleuroides",1
"Borreria dasycephala",1
"Borreria poaya",4
"Borreria tenella",1
"Bothriochloa velutina",1
"Bouchea fluminensis",5
"Bougainvillea glabra",6
"Bougainvillea spectabilis",6
"Bowlesia incana",2
"Brasiliorchis marginata",2
"Brasiliorchis picta",29
"Brasiliorchis porphyrostele",3
"Brassavola tuberculata",3
"Bromelia antiacantha",2
"Bromelia balansae",1
"Bromidium ramboi",1
"Bromus brachyanthera",8
"Bromus catharticus",1
"Brosimum lactescens",21
"Brunfelsia australis",4
"Brunfelsia brasiliensis",4
"Brunfelsia cuneifolia",3
"Brunfelsia pauciflora",13
"Brunfelsia pilosa",5
"Brunfelsia uniflora",13
"Bryohumbertia filifolia",1
"Bryum argenteum",1
"Buchenavia kleinii",12
"Buchnera integrifolia",2
"Buddleja cestriflora",1
"Buddleja elegans",8
"Buddleja grandiflora",3
"Buddleja ramboi",1
"Buddleja stachyoides",22
"Buddleja thyrsoides",1
"Bulbophyllum glutinosum",8
"Bulbophyllum granulosum",9
"Bulbophyllum napelli",1
"Bulbophyllum napellii",8
"Bulbophyllum regnellii",7
"Bulbostylis capillaris",3
"Bulbostylis juncoides",4
"Bulbostylis sphaerocephala",1
"Bulbostylis vestita",1
"Bunchosia maritima",27
"Bunchosia pallescens",5
"Burmannia alba",1
"Butia capitata",1
"Butia catarinensis",2
"Butia eriospatha",5
"Byrsonima ligustrifolia",52
"Byttneria australis",23
"Byttneria oblongata",1
"Cabralea canjerana",64
"Caesarea albiflora",9
"Calamagrostis reitzii",1
"Calamagrostis viridiflavescens",16
"Calathea monophylla",26
"Calea pinnatifida",21
"Calea uniflora",1
"Calibrachoa caesia",4
"Calibrachoa excellens",11
"Calibrachoa heterophylla",2
"Calibrachoa linoides",3
"Calibrachoa parviflora",1
"Calibrachoa sellowiana",11
"Calibrachoa sendtneriana",4
"Calibrachoa serrulata",3
"Calibrachoa spathulata",3
"Callaeum psilophyllum",1
"Calliandra brevipes",16
"Calliandra foliolosa",1
"Calliandra tweedii",7
"Callianthe muelleri-friderici",2
"Callianthe rufinerva",1
"Callisthene kuhlmannii",1
"Callitriche rimosa",1
"Calophyllum brasiliense",6
"Calydorea campestris",1
"Calydorea crocoides",2
"Calymperes afzelii",1
"Calypogeia laxa",1
"Calyptocarpus biaristatus",14
"Calyptranthes concinna",14
"Calyptranthes grandifolia",9
"Calyptranthes lanceolata",1
"Calyptranthes lucida",21
"Calyptranthes obovata",1
"Calyptranthes pileata",3
"Calyptranthes rubella",5
"Calyptranthes strigipes",1
"Calyptranthes tricona",6
"Camaridium carinatum",1
"Campomanesia adamantium",1
"Campomanesia aurea",2
"Campomanesia eugenioides",3
"Campomanesia guaviroba",9
"Campomanesia guazumifolia",23
"Campomanesia littoralis",5
"Campomanesia reitziana",10
"Campomanesia xanthocarpa",27
"Campovassouria cruciata",22
"Campuloclinium macrocephalum",7
"Campuloclinium purpurascens",1
"Campylocentrum aromaticum",7
"Campylocentrum ornithorrhynchum",1
"Campylocentrum sellowii",6
"Campyloneurum acrocarpon",65
"Campyloneurum austrobrasilianum",44
"Campyloneurum decurrens",5
"Campyloneurum minus",94
"Campyloneurum nitidum",216
"Campyloneurum rigidum",48
"Campylopus julaceus",1
"Campylopus julicaulis",1
"Campylopus occultus",2
"Canavalia bonariensis",1
"Canavalia rosea",2
"Canistropsis billbergioides",16
"Canna indica",22
"Canna paniculata",4
"Capanemia gehrtii",1
"Capanemia micromera",1
"Capanemia superflua",5
"Capanemia thereziae",1
"Capparis flexuosa",1
"Capsicodendron dinisii",2
"Capsicum flexuosum",14
"Capsicum recurvatum",1
"Cardiospermum grandiflorum",2
"Cardiospermum halicacabum",3
"Carex aureolensis",3
"Carex bonariensis",2
"Carex brasiliensis",14
"Carex distenta",1
"Carex feddeana",2
"Carex fuscula",2
"Carex longii",5
"Carex phalaroides",4
"Carex polysticha",3
"Carex pseudocyperus",2
"Carex purpureovaginata",1
"Carex sellowiana",2
"Carex sororia",10
"Carex uruguensis",3
"Carica quercifolia",3
"Cariniana estrellensis",4
"Casearia catharinensis",6
"Casearia decandra",34
"Casearia obliqua",17
"Casearia sylvestris",59
"Cassia leptophylla",7
"Catasetum atratum",1
"Catopsis berteroniana",1
"Catopsis sessiliflora",1
"Cattleya coccinea",6
"Cattleya forbesii",1
"Cattleya intermedia",5
"Cayaponia biflora",1
"Cayaponia bonariensis",1
"Cayaponia cabocla",2
"Cayaponia membranacea",1
"Cayaponia pilosa",1
"Cayaponia trifoliolata",1
"Cecropia glaziovii",11
"Cecropia pachystachya",3
"Cedrela fissilis",13
"Cedrela odorata",2
"Ceiba speciosa",10
"Celosia grandifolia",34
"Celtis brasiliensis",1
"Celtis ehrenbergiana",2
"Celtis iguanaea",23
"Cenchrus echinatus",1
"Cenchrus incertus",2
"Cenchrus tribuloides",1
"Centratherum punctatum",5
"Centrolobium microchaete",3
"Centrosema virginianum",1
"Ceradenia albidula",4
"Ceradenia spixiana",2
"Ceratophyllum demersum",1
"Cereus hildmannianus",1
"Cestrum axillare",10
"Cestrum bracteatum",29
"Cestrum corymbosum",28
"Cestrum euanthes",2
"Cestrum intermedium",25
"Cestrum strigilatum",16
"Chaetogastra clinopodifolia",1
"Chamaecrista desvauxii",7
"Chamaecrista flexuosa",2
"Chamaecrista nictitans",11
"Chamaecrista punctata",1
"Chamaecrista vestita",1
"Chamissoa acuminata",6
"Chamissoa altissima",14
"Chaptalia graminifolia",2
"Chaptalia integerrima",2
"Chaptalia nutans",17
"Chaptalia runcinata",1
"Chascolytrum lamarckianum",2
"Chascolytrum subaristatum",1
"Cheilanthes micropteris",1
"Cheiloclinium serratum",10
"Cheiroglossa palmata",1
"Chevreulia acuminata",1
"Chevreulia sarmentosa",3
"Chiloscyphus platensis",3
"Chiococca alba",16
"Chionanthus filiformis",15
"Chiropetalum tricoccum",1
"Chloris elata",1
"Chloris pycnothrix",1
"Chomelia brasiliana",15
"Chomelia obtusa",2
"Chomelia pedunculosa",2
"Christella dentata",2
"Christensonella neowiedii",1
"Christensonella subulata",4
"Chromolaena congesta",4
"Chromolaena hirsuta",2
"Chromolaena ivaefolia",1
"Chromolaena ivifolia",2
"Chromolaena laevigata",19
"Chromolaena odorata",4
"Chromolaena pedunculosa",10
"Chromolaena ulei",3
"Chromolaena verbenacea",2
"Chryso-hypnum diminutivum",1
"Chrysolaena flexuosa",3
"Chrysolaena platensis",8
"Chrysophyllum gonocarpum",7
"Chrysophyllum inornatum",8
"Chrysophyllum marginatum",20
"Chrysophyllum viride",4
"Chusquea bambusoides",6
"Chusquea capitata",1
"Chusquea capituliflora",2
"Chusquea juergensii",14
"Chusquea leptophylla",2
"Chusquea meyeriana",1
"Chusquea mimosa",19
"Chusquea nudiramea",3
"Chusquea oligophylla",3
"Chusquea oxylepis",12
"Chusquea ramosissima",6
"Chusquea sellowii",1
"Chusquea tenella",6
"Chusquea urelytra",1
"Chusquea windischii",10
"Cinnamodendron axillare",5
"Cinnamodendron dinisii",9
"Cinnamomum amoenum",26
"Cinnamomum glaziovii",6
"Cinnamomum pseudoglaziovii",6
"Cinnamomum riedelianum",2
"Cinnamomum sellowianum",8
"Cinnamomum triplinerve",8
"Cirrhaea dependens",2
"Cissampelos andromorpha",4
"Cissampelos pareira",2
"Cissus paulliniifolia",9
"Cissus stipulata",6
"Cissus striata",5
"Cissus sulcicaulis",14
"Cissus verticillata",12
"Citharexylum montevidense",1
"Citharexylum myrianthum",28
"Citharexylum solanaceum",10
"Citronella engleriana",3
"Citronella gongonha",2
"Citronella paniculata",17
"Cladium jamaicense",1
"Cleistes libonii",11
"Cleistes macrantha",1
"Cleistes revoluta",4
"Clematis affinis",1
"Clematis bonariensis",1
"Clematis brasiliana",4
"Clematis campestris",1
"Clematis dioica",7
"Clematis ulbrichiana",1
"Cleome rosea",2
"Clethra scabra",64
"Clethra uleana",8
"Clidemia blepharodes",1
"Clidemia hirta",13
"Clidemia urceolata",2
"Clitoria fairchildiana",1
"Clusia criuva",84
"Coccocypselum capitatum",7
"Coccocypselum condalia",20
"Coccocypselum cordifolium",11
"Coccocypselum geophiloides",43
"Coccocypselum glabrifolium",2
"Coccocypselum hasslerianum",21
"Coccocypselum lanceolatum",83
"Coccocypselum lyman-smithii",4
"Coccocypselum pulchellum",20
"Coccoloba arborescens",3
"Coccoloba cordata",4
"Coccoloba warmingii",6
"Cochlidium punctatum",14
"Cochlidium serrulatum",8
"Codonanthe cordifolia",6
"Codonanthe devosiana",59
"Codonanthe gracilis",13
"Colanthelia intermedia",4
"Collaea speciosa",8
"Collaea stenophylla",1
"Colletia exserta",2
"Colletia paradoxa",8
"Colliguaja brasiliensis",2
"Colubrina glandulosa",9
"Colura tenuicornis",2
"Combretum fruticosum",12
"Commelina erecta",2
"Commelina obliqua",3
"Condalia buxifolia",2
"Connarus rostratus",12
"Convolvulus hasslerianus",1
"Conyza bonariensis",39
"Conyza catharinensis",1
"Conyza macrophylla",2
"Conyza primulifolia",8
"Conyza retirensis",1
"Copaifera trapezifolia",1
"Cordia americana",9
"Cordia ecalyculata",20
"Cordia sellowiana",4
"Cordia silvestris",9
"Cordia trichotoma",17
"Cordiera concolor",71
"Cordyline spectabilis",8
"Coronopus didymus",2
"Cortaderia selloana",6
"Cortaderia vaginata",3
"Corymborkis flava",26
"Costus arabicus",1
"Costus spiralis",1
"Coussapoa microcarpa",33
"Coussarea contracta",49
"Coutarea hexandra",19
"Cranichis candida",3
"Crassula peduncularis",2
"Crinodendron brasiliense",5
"Critoniopsis quinqueflora",47
"Crotalaria hilariana",2
"Crotalaria tweediana",1
"Crotalaria vitellina",2
"Croton aberrans",1
"Croton ackermannianus",10
"Croton allemii",2
"Croton antisyphiliticus",2
"Croton calonervosus",2
"Croton catharinensis",1
"Croton ceanothifolius",1
"Croton celtidifolius",16
"Croton chaetophorus",2
"Croton confinis",2
"Croton dusenii",2
"Croton erythroxyloides",5
"Croton garckeanus",2
"Croton glandulosus",2
"Croton glechomifolius",3
"Croton heterodoxus",2
"Croton ichthygaster",1
"Croton lanatus",2
"Croton lundianus",2
"Croton macrobothrys",4
"Croton myrianthus",1
"Croton pallidulus",3
"Croton patrum",1
"Croton reitzii",4
"Croton serpyllifolius",1
"Croton splendidus",4
"Croton stenotrichus",3
"Croton triqueter",7
"Croton urucurana",2
"Croton uruguayensis",3
"Cryptocarya aschersoniana",29
"Cryptocarya mandioccana",4
"Ctenanthe muelleri",5
"Ctenanthe oppenheimiana",1
"Ctenitis anniesii",1
"Ctenitis falciculata",28
"Ctenitis laetevirens",9
"Ctenitis pedicellata",27
"Ctenitis submarginalis",49
"Cunila galioides",5
"Cunila platyphylla",1
"Cunila spicata",1
"Cupania oblongifolia",10
"Cupania vernalis",78
"Cuphea calophylla",3
"Cuphea carthagenensis",15
"Cuphea glutinosa",3
"Cuphea hirsutissima",1
"Cuphea lindmaniana",4
"Cuphea origanifolia",3
"Cuphea racemosa",9
"Cuphea urbaniana",1
"Cuphea varia",1
"Curtia conferta",1
"Curtia tenuifolia",1
"Cuscuta platyloba",5
"Cuscuta racemosa",5
"Cuscuta xanthochortos",2
"Cuspidaria convoluta",9
"Cyathea atrovirens",54
"Cyathea corcovadensis",71
"Cyathea delgadii",58
"Cyathea feeana",1
"Cyathea gardneri",8
"Cyathea hirsuta",5
"Cyathea phalerata",148
"Cyathea uleana",1
"Cybianthus brasiliensis",13
"Cybianthus peruvianus",38
"Cybistax antisyphilitica",9
"Cyclanthera tenuifolia",4
"Cyclopogon apricus",2
"Cyclopogon longibracteatus",1
"Cyclopogon truncatus",1
"Cyclospermum leptophyllum",16
"Cypella herbertii",2
"Cyperus aggregatus",1
"Cyperus andreanus",2
"Cyperus burkartii",1
"Cyperus cellulosoreticulatus",1
"Cyperus compressus",1
"Cyperus corymbosus",1
"Cyperus distans",7
"Cyperus eragrostis",1
"Cyperus fraternus",2
"Cyperus friburgensis",1
"Cyperus haspan",4
"Cyperus hermaphroditus",18
"Cyperus incomtus",14
"Cyperus intricatus",5
"Cyperus ligularis",1
"Cyperus luzulae",4
"Cyperus megapotamicus",1
"Cyperus meyenianus",1
"Cyperus niger",1
"Cyperus odoratus",1
"Cyperus pohlii",4
"Cyperus polystachyos",3
"Cyperus prolixus",6
"Cyperus reflexus",4
"Cyperus sesquiflorus",1
"Cyperus sphacelatus",1
"Cyperus tenuis",1
"Cyperus virens",4
"Cyrtocymura scorpioides",40
"Cyrtopodium flavum",7
"Cyrtopodium palmifrons",2
"Dahlstedtia muehlbergiana",4
"Dahlstedtia pentaphylla",14
"Dahlstedtia pinnata",33
"Dalbergia brasiliensis",14
"Dalbergia ecastaphyllum",7
"Dalbergia ernest-ulei",1
"Dalbergia frutescens",71
"Dalbergia lateriflora",1
"Dalechampia ficifolia",5
"Dalechampia glechomifolia",1
"Dalechampia micromeria",15
"Dalechampia stipulacea",2
"Danaea geniculata",21
"Danaea moritziana",26
"Danaea nodosa",1
"Danthonia secundiflora",9
"Daphnopsis coriacea",1
"Daphnopsis fasciculata",19
"Daphnopsis pseudosalix",4
"Daphnopsis racemosa",17
"Dasyphyllum brasiliense",19
"Dasyphyllum spinescens",4
"Dasyphyllum tomentosum",9
"Daucus pusillus",2
"Davilla rugosa",36
"Declieuxia dusenii",10
"Dendropanax australis",23
"Dendropanax cuneatus",3
"Dennstaedtia cicutaria",20
"Dennstaedtia dissecta",6
"Dennstaedtia globulifera",12
"Dennstaedtia obtusifolia",4
"Deppea blumenaviensis",7
"Desmodium affine",10
"Desmodium barbatum",2
"Desmodium cuneatum",1
"Desmodium leiocarpum",1
"Desmodium uncinatum",8
"Diatenopteryx sorbifolia",9
"Dicella nucifera",1
"Dichaea australis",2
"Dichaea cogniauxiana",39
"Dichaea pendula",45
"Dichaea trulla",2
"Dichanthelium sabulorum",2
"Dichanthelium sciurotis",2
"Dichanthelium stigmosum",5
"Dichanthelium superatum",4
"Dichanthelium surrectum",2
"Dichondra macrocalyx",3
"Dichondra sericea",1
"Dichorisandra hexandra",24
"Dichorisandra pubescens",4
"Dichorisandra thyrsiflora",25
"Dicksonia sellowiana",4
"Dicliptera squarrosa",1
"Dicranopteris nervosa",12
"Dictyostega orobanchoides",1
"Didymochlaena truncatula",73
"Didymoglossum hymenoides",3
"Didymoglossum krausii",1
"Dioclea violacea",4
"Diodia saponariifolia",6
"Dioscorea bulbotricha",3
"Dioscorea coronata",1
"Dioscorea demourae",2
"Dioscorea dodecaneura",1
"Dioscorea furcata",1
"Dioscorea glandulosa",1
"Dioscorea laxiflora",3
"Dioscorea monadelpha",2
"Dioscorea multiflora",1
"Dioscorea olfersiana",1
"Dioscorea ovata",2
"Dioscorea piperifolia",1
"Dioscorea rumicoides",1
"Dioscorea scabra",4
"Dioscorea sinuata",4
"Dioscorea subhastata",1
"Dioscorea trisecta",1
"Dioscorea tubuliflora",1
"Diospyros inconstans",6
"Diplazium ambiguum",14
"Diplazium cristatum",79
"Diplazium herbaceum",5
"Diplazium leptocarpon",9
"Diplazium lindbergii",3
"Diplazium plantaginifolium",48
"Diplazium riedelianum",11
"Diplazium rostratum",7
"Diplazium striatum",1
"Diplazium turgidum",6
"Disciphania contraversa",8
"Disynaphia littoralis",2
"Disynaphia multicrenulata",3
"Ditassa burchellii",2
"Ditassa megapotamica",1
"Dodonaea viscosa",24
"Dolichandra quadrivalvis",4
"Dolichandra unguis-cati",7
"Doliocarpus schottianus",3
"Dorstenia carautae",10
"Doryopteris acutiloba",1
"Doryopteris collina",36
"Doryopteris concolor",39
"Doryopteris crenulans",8
"Doryopteris lomariacea",2
"Doryopteris lorentzii",12
"Doryopteris nobilis",1
"Doryopteris patula",1
"Doryopteris pentagona",16
"Doryopteris rivalis",1
"Doryopteris sagittifolia",4
"Doryopteris triphylla",3
"Doryopteris varians",1
"Drimys angustifolia",12
"Drimys brasiliensis",70
"Drosera brevifolia",1
"Drosera communis",4
"Dryadella aviceps",1
"Dryadella edwallii",9
"Dryadella zebrina",9
"Dryopteris wallichiana",3
"Duguetia lanceolata",22
"Dumortiera hirsuta",3
"Duranta vestita",5
"Dyckia distachya",1
"Dyckia encholirioides",1
"Dyckia ibiramensis",1
"Dyckia reitzii",1
"Dyckia tuberosa",1
"Dyssochroma longipes",9
"Echinochloa polystachya",1
"Echinodorus floribundus",2
"Echinodorus grandiflorus",7
"Echinodorus uruguayensis",1
"Echinolaena minarum",1
"Echinopepon racemosus",1
"Eclipta prostrata",7
"Ectropothecium leptochaeton",1
"Edmundoa lindenii",30
"Egeria densa",5
"Eichhornia azurea",4
"Eichhornia crassipes",10
"Eithea blumenavia",1
"Elachyptera micrantha",1
"Elaphoglossum burchellii",3
"Elaphoglossum glaziovii",59
"Elaphoglossum lingua",24
"Elaphoglossum luridum",29
"Elaphoglossum macrophyllum",2
"Elaphoglossum nigrescens",2
"Elaphoglossum ornatum",1
"Elaphoglossum paulistanum",2
"Elaphoglossum subarborescens",1
"Elaphoglossum ulei",1
"Elaphoglossum vagans",21
"Elatine lindbergii",2
"Eleocharis bonariensis",1
"Eleocharis capillacea",1
"Eleocharis debilis",2
"Eleocharis elongata",1
"Eleocharis filiculmis",1
"Eleocharis geniculata",2
"Eleocharis interstincta",3
"Eleocharis maculosa",1
"Eleocharis minima",1
"Eleocharis montana",11
"Eleocharis mutata",4
"Eleocharis nana",2
"Eleocharis nudipes",3
"Eleocharis squamigera",1
"Eleocharis subarticulata",3
"Elephantopus mollis",54
"Eleusine tristachya",5
"Elionurus muticus",3
"Elleanthus brasiliensis",10
"Emmeorhiza umbellata",4
"Encyclia almasii",3
"Encyclia patens",2
"Endlicheria paniculata",93
"Enterolobium contortisiliquum",13
"Entodon jamesonii",2
"Epidendrum armeniacum",10
"Epidendrum avicula",4
"Epidendrum cristatum",1
"Epidendrum densiflorum",9
"Epidendrum denticulatum",3
"Epidendrum fulgens",20
"Epidendrum geniculatum",1
"Epidendrum henschenii",1
"Epidendrum latilabre",22
"Epidendrum latilabrum",1
"Epidendrum nocturnum",1
"Epidendrum paranaense",8
"Epidendrum proligerum",7
"Epidendrum pseudodifforme",14
"Epidendrum ramosum",11
"Epidendrum rigidum",11
"Epidendrum secundum",39
"Epidendrum strobiliferum",9
"Epidendrum tridactylum",14
"Epidendrum vesicatum",14
"Epilobium hirtigerum",1
"Equisetum giganteum",2
"Eragrostis airoides",10
"Eragrostis bahiensis",7
"Eragrostis cataclasta",2
"Eragrostis lugens",1
"Eragrostis neesii",7
"Eragrostis polytricha",8
"Erechtites valerianifolius",8
"Erianthus trinii",1
"Eriocaulon gomphrenoides",5
"Eriocaulon leptophyllum",1
"Eriocaulon ligulatum",4
"Eriocaulon magnificum",1
"Eriocaulon modestum",3
"Eriocaulon sellowianum",3
"Eriochrysis cayennensis",7
"Eriochrysis holcoides",4
"Eriochrysis villosa",1
"Eriosema campestre",5
"Eriosema heterophyllum",1
"Eriosema longifolium",1
"Eriosema rufum",1
"Eriosema tacuaremboense",4
"Eryngium ebracteatum",5
"Eryngium eburneum",1
"Eryngium echinatum",1
"Eryngium ekmanii",1
"Eryngium elegans",3
"Eryngium eriophorum",5
"Eryngium floribundum",2
"Eryngium horridum",2
"Eryngium junceum",3
"Eryngium juncifolium",1
"Eryngium sanguisorba",3
"Eryngium scirpinum",2
"Eryngium smithii",4
"Eryngium subinerme",2
"Eryngium urbanianum",3
"Eryngium zosterifolium",2
"Erythrina crista-galli",4
"Erythrina falcata",8
"Erythroxylum ambiguum",4
"Erythroxylum argentinum",7
"Erythroxylum catharinense",1
"Erythroxylum cuneifolium",7
"Erythroxylum cuspidifolium",15
"Erythroxylum deciduum",19
"Erythroxylum gonoclados",4
"Erythroxylum myrsinites",1
"Erythroxylum vacciniifolium",17
"Escallonia bifida",31
"Escallonia farinacea",3
"Escallonia laevis",1
"Escallonia ledifolia",10
"Escallonia megapotamica",6
"Escallonia petrophila",6
"Escobedia grandiflora",1
"Esenbeckia densiflora",6
"Esenbeckia grandiflora",102
"Esenbeckia hieronymi",7
"Esterhazya splendida",4
"Eubrachion ambiguum",2
"Eugenia astringens",1
"Eugenia bacopari",7
"Eugenia beaurepairiana",7
"Eugenia brasiliensis",10
"Eugenia brevistyla",5
"Eugenia burkartiana",2
"Eugenia catharinae",7
"Eugenia catharinensis",21
"Eugenia cerasiflora",4
"Eugenia cereja",7
"Eugenia chlorophylla",4
"Eugenia convexinervia",8
"Eugenia excelsa",3
"Eugenia florida",4
"Eugenia gracillima",1
"Eugenia handroana",18
"Eugenia handroi",4
"Eugenia hiemalis",22
"Eugenia hyemalis",1
"Eugenia imaruiensis",1
"Eugenia involucrata",16
"Eugenia itacolumensis",2
"Eugenia joenssonii",1
"Eugenia kleinii",30
"Eugenia ligustrina",1
"Eugenia longipedunculata",1
"Eugenia malacantha",3
"Eugenia melanogyna",10
"Eugenia mosenii",4
"Eugenia multicostata",9
"Eugenia neoglomerata",1
"Eugenia neomyrtifolia",3
"Eugenia neotristis",1
"Eugenia neoverrucosa",10
"Eugenia nutans",3
"Eugenia pachyclada",2
"Eugenia paracatuana",1
"Eugenia platysema",10
"Eugenia pluriflora",10
"Eugenia pruinosa",1
"Eugenia pyriformis",14
"Eugenia ramboi",10
"Eugenia rostrifolia",4
"Eugenia rotundicosta",1
"Eugenia sclerocalyx",3
"Eugenia speciosa",11
"Eugenia stigmatosa",21
"Eugenia subavenia",5
"Eugenia subterminalis",3
"Eugenia sulcata",2
"Eugenia uniflora",19
"Eugenia uruguayensis",7
"Eugenia verticillata",13
"Eupatorium lymansmithii",1
"Euphorbia elodes",1
"Euphorbia heterophylla",9
"Euphorbia hirta",7
"Euphorbia hyssopifolia",2
"Euphorbia papillosa",6
"Euphorbia paranensis",2
"Euphorbia peperomioides",5
"Euphorbia sciadophila",1
"Euphorbia serpens",1
"Euplassa cantareirae",3
"Euplassa nebularis",5
"Eupodium kaulfussii",20
"Eurystyles cotyledon",14
"Eurystyles lorenzii",5
"Eustachys distichophylla",4
"Eustachys petraea",3
"Eustachys retusa",1
"Eustichia longirostris",1
"Euterpe edulis",1
"Evolvulus glomeratus",1
"Evolvulus pusillus",1
"Evolvulus sericeus",1
"Facelis retusa",3
"Faramea montevidensis",51
"Faramea multiflora",12
"Faramea oligantha",9
"Faramea porophylla",1
"Festuca fimbriata",6
"Festuca ulochaeta",9
"Ficus adhatodifolia",19
"Ficus cestrifolia",27
"Ficus citrifolia",2
"Ficus clusiifolia",1
"Ficus enormis",7
"Ficus gomelleira",4
"Ficus guaranitica",2
"Ficus luschnathiana",68
"Ficus organensis",1
"Ficus pertusa",10
"Ficus pulchella",2
"Ficus trigona",1
"Fimbristylis autumnalis",4
"Fimbristylis cymosa",2
"Fimbristylis spadicea",1
"Fischeria stellata",2
"Fissidens acacioides",2
"Fissidens amoenus",1
"Fissidens asplenioides",6
"Fissidens brevipes",1
"Fissidens crispus",3
"Fissidens curvatus",1
"Fissidens elegans",3
"Fissidens flabellatus",3
"Fissidens hornschuchii",2
"Fissidens lagenarius",4
"Fissidens oediloma",3
"Fissidens pellucidus",6
"Fissidens rigidulus",3
"Fissidens scalaris",2
"Fissidens scariosus",5
"Fissidens semicompletus",1
"Fissidens serratus",3
"Fissidens submarginatus",1
"Fissidens subradicans",1
"Fissidens taylorii",1
"Fissidens wallisii",2
"Fissidens weirii",4
"Fissidens zollingeri",6
"Floscopa glabrata",1
"Forsteronia leptocarpa",5
"Forsteronia refracta",4
"Forsteronia rufa",2
"Forsteronia thyrsoidea",4
"Fridericia chica",9
"Fridericia dichotoma",1
"Fridericia leucopogon",4
"Fridericia samydoides",1
"Fuchsia regia",70
"Fuirena robusta",1
"Galeandra beyrichii",6
"Galianthe brasiliensis",26
"Galianthe centranthoides",1
"Galianthe cymosa",5
"Galianthe fastigiata",2
"Galianthe gertii",7
"Galianthe hispidula",6
"Galianthe laxa",4
"Galianthe reitzii",1
"Galianthe valerianoides",1
"Galianthe verbenoides",3
"Galium atherodes",1
"Galium bigeminum",2
"Galium equisetoides",2
"Galium humile",2
"Galium hypocarpium",49
"Galium latoramosum",2
"Galium megapotamicum",1
"Galium nigroramosum",13
"Galium noxium",4
"Galium richardianum",4
"Galium sellowianum",1
"Galphimia australis",1
"Gamochaeta americana",3
"Gamochaeta coarctata",11
"Gamochaeta hiemalis",1
"Gamochaeta pensylvanica",2
"Gamochaeta platensis",1
"Gamochaeta simplicicaulis",6
"Gamochaeta stachydifolia",1
"Garcinia gardneriana",42
"Gaultheria erecta",1
"Gaultheria serrata",1
"Gaylussacia angustifolia",4
"Gaylussacia brasiliensis",19
"Gaylussacia pseudogaultheria",3
"Geonoma elegans",14
"Geonoma gamiova",39
"Geonoma pohliana",6
"Geonoma schottiana",58
"Geophila repens",2
"Geranium arachnoideum",2
"Geranium glanduligerum",1
"Gibasis geniculata",4
"Glandularia jordanensis",5
"Glandularia kuntzeana",1
"Glandularia megapotamica",3
"Glandularia peruviana",4
"Glandularia phlogiflora",1
"Glandularia tenera",1
"Glechon discolor",3
"Glechon marifolia",2
"Gleichenella pectinata",25
"Glyceria multiflora",6
"Gochnatia polymorpha",15
"Gomesa ciliata",1
"Gomesa concolor",1
"Gomesa crispa",13
"Gomesa glaziovii",2
"Gomesa gomezoides",1
"Gomesa praetexta",1
"Gomesa radicans",3
"Gomesa ranifera",1
"Gomesa recurva",30
"Gomidesia fenzliana",4
"Gomidesia flagellaris",1
"Gomidesia palustris",4
"Gomidesia schaueriana",7
"Gomidesia sellowiana",6
"Gomidesia spectabilis",7
"Gomidesia tijucensis",6
"Gomphrena elegans",2
"Gomphrena graminea",1
"Gomphrena perennis",3
"Gomphrena vaga",6
"Gongora bufonia",1
"Gonolobus parviflorus",4
"Gordonia fruticosa",14
"Gouania ulmifolia",9
"Govenia utriculata",10
"Grandiphyllum divaricatum",7
"Grandiphyllum hians",2
"Graphistylis organensis",2
"Gratiola peruviana",2
"Grazielia gaudichaudeana",3
"Grazielia intermedia",7
"Grazielia multifida",3
"Grazielia schultzii",1
"Grazielia serrata",13
"Griselinia ruscifolia",27
"Grobya amherstiae",1
"Groutiella apiculata",1
"Guadua paniculata",3
"Guadua tagoara",9
"Guadua trinii",5
"Guapira hirsuta",5
"Guapira opposita",90
"Guarea macrophylla",107
"Guatteria australis",80
"Guettarda uruguensis",10
"Gunnera manicata",12
"Gymnanthes schottiana",1
"Gymnopogon burchellii",6
"Habenaria gourlieana",2
"Habenaria josephensis",1
"Habenaria macronectar",1
"Habenaria montevidensis",1
"Habenaria parviflora",7
"Habenaria pleiophylla",2
"Habenaria repens",1
"Habenaria subviridis",1
"Hamelia patens",3
"Handroanthus albus",16
"Handroanthus chrysotrichus",12
"Handroanthus heptaphyllus",9
"Handroanthus pulcherrimus",5
"Handroanthus umbellatus",7
"Hapalorchis micrantha",1
"Hatiora gaertneri",2
"Hatiora rosea",1
"Hatschbachiella tweedieana",11
"Hebanthe eriantha",2
"Hebanthe pulverulenta",10
"Hebeclinium macrophyllum",1
"Hedyosmum brasiliense",33
"Heimia apetala",9
"Heimia salicifolia",4
"Heisteria silvianii",32
"Helanthium bolivianum",2
"Helia brevifolia",1
"Helia oblongifolia",1
"Helicodontium capillare",1
"Heliconia farinosa",61
"Heliconia velloziana",4
"Helietta apiculata",14
"Heliotropium leiocarpum",2
"Heliotropium transalpinum",17
"Helosis cayennensis",8
"Hemionitis tomentosa",5
"Hennecartia omphalandra",6
"Herbertia lahue",1
"Herbstia brasiliana",2
"Herreria montevidensis",1
"Hesperozygis dimidiata",1
"Hesperozygis nitida",1
"Heteranthera reniformis",11
"Heteranthera zosterifolia",3
"Heterocondylus alatus",18
"Heterocondylus grandis",1
"Heteropsis rigidifolia",7
"Heteropterys aenea",11
"Heteropterys intermedia",17
"Heterotaxis brasiliensis",23
"Heterotaxis valenzuelana",2
"Hibiscus diversifolius",2
"Hieracium commersonii",4
"Hieronyma alchorneoides",35
"Hildaea pallens",8
"Hillia illustris",1
"Hillia parasitica",28
"Hindsia ramosissima",2
"Hippeastrum aulicum",11
"Hippeastrum glaucescens",7
"Hippeastrum reticulatum",1
"Hippeastrum striatum",1
"Hippocratea volubilis",3
"Hiraea cuneata",1
"Hirtella hebeclada",39
"Histiopteris incisa",5
"Hoehnea minima",1
"Hoehnea parvula",1
"Hoffmannia peckii",29
"Hohenbergia augusta",2
"Holocalyx balansae",4
"Holocheilus hieracioides",1
"Holocheilus monocephalus",1
"Holomitrium crispulum",11
"Homolepis glutinosa",10
"Hookeria acutifolia",1
"Huberia semiserrata",5
"Huntleya meleagris",4
"Huperzia flexibilis",31
"Huperzia fontinaloides",14
"Huperzia quadrifariata",3
"Huperzia sellowiana",1
"Hydrocotyle bonariensis",9
"Hydrocotyle callicephala",3
"Hydrocotyle exigua",1
"Hydrocotyle itatiaiensis",1
"Hydrocotyle langsdorffii",1
"Hydrocotyle leucocephala",4
"Hydrocotyle pusilla",1
"Hydrocotyle quinqueloba",15
"Hydrocotyle ranunculoides",3
"Hydrolea spinosa",4
"Hygrophila costata",18
"Hymenachne amplexicaulis",1
"Hymenachne donacifolia",3
"Hymenachne grumosa",3
"Hymenachne pernambucensis",5
"Hymenophyllum asplenioides",21
"Hymenophyllum caudiculatum",46
"Hymenophyllum crispum",1
"Hymenophyllum fucoides",5
"Hymenophyllum hirsutum",8
"Hymenophyllum microcarpum",3
"Hymenophyllum polyanthos",30
"Hymenophyllum pulchellum",3
"Hymenophyllum ulei",2
"Hyperbaena domingensis",3
"Hypericum austrobrasiliense",2
"Hypericum brasiliense",15
"Hypericum caprifoliatum",1
"Hypericum carinatum",1
"Hypericum connatum",6
"Hypericum cordatum",2
"Hypericum denudatum",4
"Hypericum microlicioides",1
"Hypericum rigidum",3
"Hypochaeris albiflora",2
"Hypochaeris chillensis",8
"Hypochaeris lutea",6
"Hypolepis mitis",7
"Hypoxis decumbens",11
"Hyptis brevipes",2
"Hyptis inodora",2
"Hyptis lacustris",1
"Hyptis lagenaria",2
"Hyptis lappacea",1
"Hyptis lappulacea",2
"Hyptis uliginosa",4
"Hysterionica pinnatisecta",1
"Ichnanthus leiocarpus",2
"Ichnanthus nemoralis",1
"Ichnanthus pallens",20
"Ichnanthus procurrens",3
"Ichnanthus ruprechtii",3
"Ichnanthus tenuis",1
"Ilex brevicuspis",20
"Ilex chamaedryfolia",2
"Ilex dumosa",40
"Ilex microdonta",15
"Ilex paraguariensis",30
"Ilex pseudobuxus",14
"Ilex taubertiana",1
"Ilex theezans",55
"Imperata contracta",1
"Indigofera suffruticosa",4
"Inga edulis",11
"Inga edwallii",3
"Inga globularis",1
"Inga lentiscifolia",3
"Inga marginata",49
"Inga sellowiana",5
"Inga sessilis",33
"Inga striata",18
"Inga subnuda",4
"Inga vera",19
"Inga virescens",6
"Inulopsis scaposa",1
"Ipomoea alba",4
"Ipomoea delphinioides",2
"Ipomoea grandifolia",2
"Ipomoea hederifolia",7
"Ipomoea imperati",2
"Ipomoea indica",5
"Ipomoea indivisa",9
"Ipomoea maurandioides",2
"Ipomoea pes-caprae",4
"Ipomoea purpurea",3
"Ipomoea tiliacea",2
"Ipomoea triloba",1
"Iresine diffusa",16
"Isabelia pulchella",1
"Ischaemum minus",2
"Ischnosiphon ovatus",1
"Isochilus linearis",34
"Isoetes smithii",12
"Isoetes spannagelii",8
"Ixora venulosa",1
"Jacaranda micrantha",17
"Jacaranda puberula",54
"Jacaratia spinosa",4
"Jacquemontia blanchetii",5
"Jacquemontia mucronifera",1
"Jacquemontia selloi",2
"Jaegeria hirta",22
"Jobinia connivens",1
"Jodina rhombifolia",2
"Juncus acutus",3
"Juncus capillaceus",1
"Juncus densiflorus",2
"Juncus dichotomus",1
"Juncus effusus",8
"Juncus marginatus",2
"Juncus micranthus",2
"Juncus microcephalus",10
"Juncus ramboi",5
"Jungia sellowii",13
"Justicia brasiliana",44
"Justicia carnea",43
"Justicia floribunda",9
"Justicia kleinii",1
"Justicia lythroides",3
"Justicia oblonga",1
"Justicia parabolica",15
"Justicia paranaensis",1
"Justicia schenckiana",3
"Justicia yhuensis",3
"Kaunia rufescens",9
"Koanophyllon lobatifolium",1
"Krapovickasia macrodon",4
"Kurzia capillaris",1
"Kyllinga brevifolia",8
"Kyllinga pumila",2
"Kyllinga vaginata",6
"Lafoensia vandelliana",7
"Lagenocarpus rigidus",1
"Laguncularia racemosa",11
"Lamanonia ternata",40
"Langsdorffia hypogaea",3
"Lankesterella ceracifolia",6
"Lantana fucata",6
"Lantana montevidensis",1
"Lantana undulata",11
"Laportea aestuans",2
"Lasiacis divaricata",11
"Lasiacis ligulata",6
"Lasiacis sorghoidea",1
"Lastreopsis amplissima",81
"Lastreopsis effusa",22
"Lathyrus crassipes",1
"Lathyrus paranensis",1
"Leandra acutiflora",32
"Leandra amplexicaulis",19
"Leandra aurea",4
"Leandra australis",68
"Leandra barbinervis",16
"Leandra bergiana",20
"Leandra carassana",42
"Leandra catharinensis",4
"Leandra cordifolia",5
"Leandra debilis",2
"Leandra dubia",1
"Leandra echinata",20
"Leandra erostrata",5
"Leandra fallax",17
"Leandra fragilis",19
"Leandra glazioviana",15
"Leandra hirtella",6
"Leandra laevigata",55
"Leandra luctatoris",1
"Leandra macropora",1
"Leandra melastomoides",47
"Leandra pallida",5
"Leandra pilonensis",11
"Leandra planifilamentosa",1
"Leandra purpurascens",23
"Leandra purpureo-villosa",1
"Leandra quinquedentata",7
"Leandra refracta",2
"Leandra regnellii",59
"Leandra reitzii",8
"Leandra reversa",3
"Leandra scabra",3
"Leandra tetraquetra",3
"Leandra ulaei",5
"Leandra xanthocoma",20
"Leandra xanthostachya",2
"Leersia hexandra",3
"Leiothrix flavescens",3
"Lejeunea cancellata",1
"Lellingeria brevistipes",7
"Lellingeria depressa",2
"Lemna valdiviana",2
"Lepidaploa chamissonis",10
"Lepidaploa eriolepis",2
"Lepidium didymum",1
"Lepidopilum scabrisetum",1
"Lepismium cruciforme",5
"Lepismium houlletianum",7
"Lepismium lumbricoides",5
"Lepismium warmingianum",2
"Leptodontium araucarieti",1
"Leptodontium filicola",2
"Leptostelma catharinense",1
"Leptostelma maximum",14
"Leptostelma tweediei",4
"Leptotes bicolor",10
"Leptotes unicolor",5
"Lessingianthus exiguus",1
"Lessingianthus glabratus",1
"Leucobryum martianum",1
"Leucotrichum organense",6
"Leucotrichum schenckii",29
"Licaria armeniaca",2
"Ligeophila juruenensis",1
"Lilaeopsis brasiliensis",4
"Limonium brasiliense",1
"Lindsaea arcuata",1
"Lindsaea bifida",15
"Lindsaea botrychioides",17
"Lindsaea lancea",53
"Lindsaea ovoidea",29
"Lindsaea quadrangularis",18
"Lindsaea virescens",8
"Linum littorale",5
"Liparis nervosa",45
"Lipocarpha humboldtiana",1
"Lippia alba",3
"Lippia brasiliensis",6
"Lippia lippioides",3
"Lithraea brasiliensis",15
"Lobelia camporum",3
"Lobelia exaltata",1
"Lobelia hassleri",6
"Lobelia hederacea",1
"Lobelia langeana",2
"Lobelia nummularioides",1
"Lobelia xalapensis",1
"Lockhartia lunifera",4
"Lomagramma guianensis",1
"Lomariopsis marginata",14
"Lonchocarpus campestris",10
"Lonchocarpus cultratus",13
"Lonchocarpus muehlbergianus",8
"Lophosoria quadripinnata",10
"Lucilia acutifolia",2
"Lucilia lycopodioides",2
"Lucilia nitens",1
"Ludwigia caparosa",2
"Ludwigia decurrens",1
"Ludwigia grandiflora",1
"Ludwigia hookeri",1
"Ludwigia leptocarpa",3
"Ludwigia longifolia",12
"Ludwigia multinervia",3
"Ludwigia octovalvis",8
"Ludwigia peploides",1
"Ludwigia peruviana",1
"Ludwigia quadrangularis",1
"Ludwigia sericea",9
"Luehea divaricata",53
"Lundia nitidula",2
"Lundia virginalis",4
"Lupinus bracteolaris",1
"Lupinus guaraniticus",1
"Lupinus magnistipulatus",4
"Lupinus multiflorus",1
"Lupinus reitzii",1
"Lupinus uleanus",1
"Lupinus velutinus",1
"Luziola bahiensis",2
"Luziola peruviana",4
"Lycopodiella caroliniana",5
"Lycopodium clavatum",20
"Lygodium volubile",23
"Machaerina ensifolia",1
"Machaerium dimorphandrum",1
"Machaerium hatschbachii",1
"Machaerium hirtum",5
"Machaerium nyctitans",1
"Machaerium paraguariense",1
"Machaerium stipitatum",14
"Machaerium vestitum",6
"Machaonia brasiliensis",3
"Machaonia spinosa",2
"Maclura tinctoria",23
"Macrocarpaea rubra",16
"Macrocoma orthotrichoides",5
"Macrocoma tenuis",1
"Macromitrium richardii",1
"Magnolia ovata",14
"Malanea forsteronioides",3
"Malaxis excavata",19
"Malaxis pubescens",1
"Malmeanthus subintegerrimus",1
"Malvastrum coromandelianum",5
"Mandevilla atroviolacea",3
"Mandevilla coccinea",4
"Mandevilla emarginata",2
"Mandevilla funiformis",3
"Mandevilla immaculata",2
"Mandevilla longiflora",2
"Mandevilla pentlandiana",1
"Mandevilla petraea",1
"Mandevilla sellowii",1
"Mandevilla urophylla",1
"Manekia obtusa",10
"Manettia chrysoderma",3
"Manettia cordifolia",4
"Manettia gracilis",8
"Manettia paraguariensis",13
"Manihot grahamii",16
"Manilkara subsericea",2
"Mansoa difficilis",5
"Maprounea brasiliensis",1
"Maranta divaricata",12
"Marattia cicutifolia",25
"Marcgravia polyantha",24
"Marchantia chenopoda",1
"Margaritaria nobilis",4
"Margaritopsis astrellantha",40
"Margaritopsis cymuligera",2
"Margyricarpus pinnatus",1
"Marlierea eugeniopsoides",95
"Marlierea excoriata",5
"Marlierea krapovickae",2
"Marlierea obscura",16
"Marlierea parviflora",5
"Marlierea reitzii",9
"Marlierea silvatica",20
"Marlierea tomentosa",14
"Marsypianthes chamaedrys",1
"Matayba elaeagnoides",22
"Matayba guianensis",9
"Matayba intermedia",28
"Maxillaria bradei",2
"Maxillaria ferdinandiana",1
"Maxillaria ochroleuca",7
"Mayaca sellowiana",1
"Maytenus boaria",4
"Maytenus cassineformis",2
"Maytenus evonymoides",6
"Maytenus glaucescens",4
"Maytenus gonoclada",3
"Maytenus ilicifolia",3
"Maytenus patens",5
"Maytenus robusta",45
"Mecardonia grandiflora",2
"Mecardonia procumbens",1
"Megalastrum abundans",6
"Megalastrum connexum",41
"Megalastrum oreocharis",7
"Megalastrum umbrinum",1
"Melampodium divaricatum",2
"Melanthera latifolia",1
"Melasma rhinanthoides",2
"Melica brasiliana",1
"Melica hyalina",3
"Melica macra",6
"Melica sarmentosa",28
"Meliosma sellowii",38
"Melochia pilosa",1
"Melothria cucumis",1
"Melothria pendula",4
"Melpomene pilosissima",1
"Mendoncia puberula",57
"Mendoncia velloziana",24
"Merostachys multiramea",11
"Merostachys petiolata",2
"Merostachys speciosa",2
"Merostachys ternata",3
"Merremia dissecta",5
"Merremia macrocalyx",5
"Mesadenella cuspidata",15
"Meteoridium remotifolium",1
"Meteorium deppei",2
"Metzgeria albinea",4
"Metzgeria ciliata",2
"Metzgeria leptoneura",1
"Metzgeria psilocraspeda",1
"Metzgeria scyphigera",1
"Mickelia scandens",22
"Miconia brasiliensis",2
"Miconia budlejoides",12
"Miconia cabucu",24
"Miconia chartacea",9
"Miconia cinerascens",95
"Miconia cinnamomifolia",32
"Miconia cubatanensis",39
"Miconia discolor",6
"Miconia eichleri",1
"Miconia fasciculata",9
"Miconia flammea",1
"Miconia hyemalis",19
"Miconia inconspicua",14
"Miconia jucunda",7
"Miconia lagunensis",5
"Miconia latecrenata",40
"Miconia ligustroides",29
"Miconia lymanii",5
"Miconia paniculata",2
"Miconia petropolitana",50
"Miconia pusilliflora",43
"Miconia racemifera",3
"Miconia ramboi",10
"Miconia sellowiana",41
"Miconia theizans",2
"Miconia tristis",34
"Miconia valtheri",17
"Microchilus arietinus",8
"Microchilus austrobrasiliensis",2
"Microgramma percussa",50
"Microgramma squamulosa",132
"Microgramma tecta",24
"Microgramma vacciniifolia",87
"Microstachys hispida",1
"Mikania campanulata",1
"Mikania capricorni",1
"Mikania chlorolepis",4
"Mikania cordifolia",3
"Mikania decumbens",1
"Mikania glomerata",1
"Mikania hastato-cordata",1
"Mikania hirsutissima",2
"Mikania hoehnei",1
"Mikania hoffmanniana",1
"Mikania involucrata",5
"Mikania laevigata",4
"Mikania lanuginosa",8
"Mikania lundiana",2
"Mikania micrantha",52
"Mikania nigricans",1
"Mikania oblongifolia",1
"Mikania officinalis",1
"Mikania oreophila",3
"Mikania orleansensis",1
"Mikania paniculata",2
"Mikania paranensis",4
"Mikania pinnatiloba",2
"Mikania sericea",11
"Mikania sessilifolia",1
"Mikania smaragdina",1
"Mikania ternata",1
"Mikania trachypleura",1
"Mikania trinervis",2
"Mikania ulei",3
"Miltonia flavescens",6
"Miltonia regnellii",7
"Mimosa bimucronata",26
"Mimosa caesalpiniifolia",4
"Mimosa ceratonia",1
"Mimosa coniflora",2
"Mimosa daleoides",6
"Mimosa distans",1
"Mimosa dolens",9
"Mimosa eriocarpa",1
"Mimosa gracilis",1
"Mimosa lanata",3
"Mimosa lepidorepens",3
"Mimosa maracayuensis",3
"Mimosa micropteris",4
"Mimosa murex",2
"Mimosa niederleinii",1
"Mimosa oblonga",3
"Mimosa per-dusenii",1
"Mimosa pilulifera",5
"Mimosa pseudocallosa",1
"Mimosa pudica",13
"Mimosa ramosissima",7
"Mimosa regnellii",4
"Mimosa sanguinolenta",3
"Mimosa scabrella",21
"Mimosa serra",1
"Mimosa sparsiformis",1
"Mimosa taimbensis",6
"Mimosa xanthocentra",2
"Mitracarpus brasiliensis",1
"Mitracarpus hirtus",5
"Modiolastrum malvifolium",3
"Mollinedia blumenaviana",8
"Mollinedia calodonta",23
"Mollinedia clavigera",65
"Mollinedia elegans",9
"Mollinedia eugeniifolia",3
"Mollinedia floribunda",4
"Mollinedia fruticulosa",4
"Mollinedia howeana",1
"Mollinedia pfitzeriana",1
"Mollinedia schottiana",171
"Mollinedia triflora",37
"Mollinedia uleana",34
"Mollugo verticillata",1
"Monnina resedoides",1
"Monnina tristaniana",8
"Monstera adansonii",23
"Monteiroa bullata",3
"Monteiroa catharinensis",4
"Monteiroa glomerata",2
"Monteiroa ptarmicifolia",3
"Monteiroa reitzii",1
"Monteiroa triangularifolia",2
"Moquiniastrum polymorphum",1
"Moranopteris achilleifolia",10
"Moritzia dusenii",1
"Mormolyca cleistogama",1
"Mormolyca rufescens",2
"Mouriri chamissoana",7
"Mucuna urens",9
"Muellera campestris",5
"Muellera grazielae",2
"Mutisia campanulata",3
"Mutisia coccinea",5
"Mutisia speciosa",8
"Myoxanthus exasperatus",4
"Myrceugenia acutiflora",1
"Myrceugenia alpigena",10
"Myrceugenia campestris",2
"Myrceugenia cucullata",5
"Myrceugenia euosma",20
"Myrceugenia glaucescens",8
"Myrceugenia kleinii",3
"Myrceugenia mesomischa",1
"Myrceugenia miersiana",4
"Myrceugenia myrcioides",21
"Myrceugenia ovalifolia",2
"Myrceugenia ovata",35
"Myrceugenia oxysepala",2
"Myrceugenia pilotantha",2
"Myrceugenia reitzii",6
"Myrceugenia seriatoramosa",2
"Myrcia aethusa",9
"Myrcia amazonica",9
"Myrcia anacardiifolia",36
"Myrcia arborescens",5
"Myrcia brasiliensis",17
"Myrcia breviramis",5
"Myrcia calumbaensis",1
"Myrcia dichrophylla",2
"Myrcia dictyophleba",1
"Myrcia flagellaris",2
"Myrcia glabra",18
"Myrcia guianensis",28
"Myrcia hartwegiana",9
"Myrcia hatschbachii",8
"Myrcia heringii",1
"Myrcia ilheosensis",2
"Myrcia lajeana",3
"Myrcia laruotteana",11
"Myrcia leptoclada",1
"Myrcia multiflora",13
"Myrcia oblongata",3
"Myrcia obtecta",9
"Myrcia oligantha",4
"Myrcia palustris",19
"Myrcia pubiflora",3
"Myrcia pubipetala",33
"Myrcia pulchra",4
"Myrcia racemosa",3
"Myrcia retorta",2
"Myrcia richardiana",15
"Myrcia rostrata",11
"Myrcia rupicola",5
"Myrcia selloi",7
"Myrcia sosias",2
"Myrcia spectabilis",36
"Myrcia splendens",46
"Myrcia tenuivenosa",1
"Myrcia tijucensis",16
"Myrcia undulata",5
"Myrcia venulosa",3
"Myrcianthes gigantea",8
"Myrcianthes pungens",3
"Myrciaria delicatula",4
"Myrciaria floribunda",5
"Myrciaria glazioviana",6
"Myrciaria plinioides",8
"Myrciaria tenella",8
"Myriophyllum aquaticum",8
"Myrocarpus frondosus",7
"Myrrhinium atropurpureum",10
"Myrsine altomontana",4
"Myrsine balansae",1
"Myrsine coriacea",108
"Myrsine gardneriana",64
"Myrsine guianensis",11
"Myrsine hermogenesii",5
"Myrsine laetevirens",2
"Myrsine lancifolia",2
"Myrsine lineata",4
"Myrsine loefgrenii",11
"Myrsine parvifolia",15
"Myrsine parvula",20
"Myrsine rubra",2
"Myrsine squarrosa",1
"Myrsine umbellata",83
"Myrsine venosa",11
"Myrsine wettsteinii",5
"Napeanthus reitzii",2
"Nassella airoides",1
"Nassella megapotamia",1
"Nassella neesiana",1
"Neckera scabridens",1
"Neckeropsis undulata",4
"Nectandra grandiflora",26
"Nectandra lanceolata",38
"Nectandra leucantha",13
"Nectandra megapotamica",52
"Nectandra membranacea",38
"Nectandra oppositifolia",57
"Nectandra puberula",21
"Neea pendulina",2
"Nematanthus australis",69
"Nematanthus fissus",30
"Nematanthus tessmannii",83
"Neoblechnum brasiliense",3
"Neocabreria malachophylla",3
"Neomarica caerulea",7
"Neomitranthes cordifolia",7
"Neomitranthes gemballae",5
"Neomitranthes glomerata",19
"Neoregelia laevis",4
"Nephrolepis biserrata",1
"Nephrolepis cordifolia",3
"Nephrolepis pectinata",7
"Nephrolepis pendula",9
"Nicotiana alata",10
"Nicotiana bonariensis",10
"Nicotiana forgetiana",6
"Nicotiana langsdorffii",5
"Nicotiana langsdorfii",9
"Nidularium amazonicum",2
"Nidularium billbergioides",1
"Nidularium innocentii",116
"Nidularium procerum",16
"Niedenzuella acutifolia",1
"Niedenzuella lucida",1
"Niphidium crassifolium",60
"Nothoscordum bonariense",1
"Nothoscordum gracile",2
"Noticastrum calvatum",5
"Noticastrum decumbens",3
"Noticastrum gnaphalioides",1
"Noticastrum hatschbachii",4
"Noticastrum malmei",2
"Noticastrum psammophilum",1
"Notylia hemitricha",1
"Notylia lyrata",4
"Nymphoides indica",4
"Ocellochloa rudis",5
"Ocimum carnosum",37
"Ocimum selloi",20
"Ocotea aciphylla",12
"Ocotea bicolor",6
"Ocotea catharinensis",10
"Ocotea corymbosa",21
"Ocotea diospyrifolia",17
"Ocotea dispersa",13
"Ocotea elegans",37
"Ocotea floribunda",1
"Ocotea glaziovii",37
"Ocotea indecora",7
"Ocotea lanata",15
"Ocotea lancifolia",9
"Ocotea laxa",28
"Ocotea lobbii",2
"Ocotea mandioccana",10
"Ocotea nectandrifolia",6
"Ocotea nunesiana",5
"Ocotea odorifera",14
"Ocotea porosa",28
"Ocotea puberula",51
"Ocotea pulchella",45
"Ocotea pulchra",31
"Ocotea silvestris",36
"Ocotea teleiandra",58
"Ocotea tristis",6
"Ocotea urbaniana",9
"Ocotea vaccinioides",3
"Octomeria crassifolia",8
"Octomeria diaphana",11
"Octomeria gracilis",7
"Octomeria grandiflora",14
"Octomeria juncifolia",12
"Octomeria octomeriantha",1
"Octomeria palmyrabellae",2
"Octomeria warmingii",1
"Odontocarya acuparata",3
"Oenothera affinis",2
"Oenothera catharinensis",1
"Oenothera indecora",2
"Oenothera mollissima",2
"Oenothera ravenii",1
"Oldenlandia dusenii",4
"Oldenlandia salzmannii",3
"Olfersia cervina",18
"Olyra glaberrima",2
"Olyra humilis",4
"Olyra latifolia",3
"Ophioglossum reticulatum",2
"Oplismenus hirtellus",8
"Opuntia monacantha",4
"Oreopanax capitatus",7
"Oreopanax fulvus",11
"Ormosia arborea",3
"Ornithocephalus myrticola",20
"Orthopappus angustifolius",3
"Orthosia scoparia",12
"Orthosia urceolata",1
"Oryza latifolia",1
"Osmunda regalis",4
"Osmundastrum cinnamomeum",4
"Ossaea amygdaloides",28
"Ossaea angustifolia",2
"Ossaea confertiflora",3
"Ossaea fragilis",1
"Ossaea marginata",4
"Ossaea sanguinea",12
"Otachyrium versicolor",2
"Ottonia propinqua",1
"Ouratea parviflora",92
"Ouratea salicifolia",8
"Ouratea sellowii",2
"Ouratea vaccinioides",18
"Oxalis bipartita",4
"Oxalis cytisoides",1
"Oxalis debilis",3
"Oxalis floribunda",1
"Oxalis geralensis",1
"Oxalis hispidula",2
"Oxalis linarantha",4
"Oxalis myriophylla",1
"Oxalis niederleinii",1
"Oxalis odonellii",1
"Oxalis rhombeo-ovata",1
"Oxalis tenerrima",2
"Oxalis triangularis",2
"Oxypetalum appendiculatum",1
"Oxypetalum arnottianum",1
"Oxypetalum banksii",3
"Oxypetalum burchellii",1
"Oxypetalum capitatum",1
"Oxypetalum cordifolium",2
"Oxypetalum erectum",3
"Oxypetalum malmei",3
"Oxypetalum molle",1
"Oxypetalum mosenii",1
"Oxypetalum obtusifolium",1
"Oxypetalum pannosum",3
"Oxypetalum sublanatum",2
"Oxypetalum tomentosum",2
"Oxypetalum tubatum",1
"Oxypetalum wightianum",3
"Pabstiella hypnicola",1
"Pabstiella mirabilis",7
"Pabstiella parvifolia",2
"Pabstiella trifida",1
"Pachystroma longifolium",7
"Paepalanthus caldensis",7
"Paepalanthus catharinae",7
"Paepalanthus henriquei",1
"Palhinhaea camporum",1
"Palhinhaea cernua",5
"Palicourea australis",42
"Palicourea marcgravii",1
"Panicum dichotomiflorum",1
"Panicum gouinii",1
"Panicum leptachne",1
"Panicum longipedicellatum",1
"Panicum millegrana",9
"Panicum olyroides",1
"Panicum sellowii",4
"Panphalea smithii",1
"Paramyrciaria ciliolata",1
"Parapiptadenia rigida",32
"Parapolystichum effusum",3
"Parinari excelsa",1
"Parodia ottonis",1
"Parodiolyra micrantha",9
"Parodiophyllochloa ovulifera",1
"Paronychia camphorosmoides",3
"Paronychia communis",3
"Paspalum acuminatum",1
"Paspalum arenarium",2
"Paspalum barretoi",3
"Paspalum conjugatum",13
"Paspalum corcovadense",3
"Paspalum decumbens",1
"Paspalum denticulatum",2
"Paspalum dilatatum",5
"Paspalum distichum",3
"Paspalum erianthoides",5
"Paspalum exaltatum",4
"Paspalum filifolium",4
"Paspalum glaucescens",5
"Paspalum intermedium",1
"Paspalum jesuiticum",1
"Paspalum maculosum",4
"Paspalum mandiocanum",5
"Paspalum minus",3
"Paspalum notatum",3
"Paspalum nutans",2
"Paspalum paniculatum",9
"Paspalum pectinatum",2
"Paspalum plicatulum",13
"Paspalum polyphyllum",3
"Paspalum pumilum",6
"Paspalum urvillei",18
"Paspalum vaginatum",8
"Passiflora actinia",4
"Passiflora alata",11
"Passiflora amethystina",7
"Passiflora caerulea",11
"Passiflora capsularis",19
"Passiflora catharinensis",1
"Passiflora cervii",5
"Passiflora edulis",13
"Passiflora eichleriana",6
"Passiflora foetida",7
"Passiflora haematostigma",1
"Passiflora jilekii",12
"Passiflora loefgrenii",1
"Passiflora misera",3
"Passiflora organensis",7
"Passiflora suberosa",7
"Passiflora tenuifila",5
"Passiflora transversalis",3
"Passiflora tricuspis",1
"Passiflora truncata",4
"Passiflora urnifolia",2
"Passiflora urubiciensis",1
"Paullinia carpopoda",6
"Paullinia carpopodea",3
"Paullinia cristata",2
"Paullinia elegans",2
"Paullinia meliifolia",11
"Paullinia seminuda",15
"Paullinia trigonia",36
"Pausandra morisiana",25
"Pavonia angustipetala",1
"Pavonia communis",5
"Pavonia commutata",3
"Pavonia dusenii",12
"Pavonia guerkeana",9
"Pavonia horrida",1
"Pavonia kleinii",3
"Pavonia lanata",1
"Pavonia missionum",1
"Pavonia nemoralis",3
"Pavonia reitzii",1
"Pavonia renifolia",1
"Pavonia reticulata",2
"Pavonia schiedeana",1
"Pavonia schrankii",4
"Pavonia sepium",39
"Pecluma chnoophora",23
"Pecluma paradiseae",21
"Pecluma pectinatiformis",24
"Pecluma recurvata",118
"Pecluma robusta",4
"Pecluma sicca",32
"Pecluma singeri",16
"Pecluma truncorum",130
"Peixotoa catarinensis",1
"Pelexia macropoda",1
"Pelexia novofriburgensis",1
"Peltaea edouardii",1
"Peltaea polymorpha",1
"Peltophorum dubium",5
"Pentacalia desiderabilis",23
"Peperomia alata",33
"Peperomia arifolia",10
"Peperomia armondii",1
"Peperomia augescens",2
"Peperomia balansana",1
"Peperomia blanda",12
"Peperomia brasiliensis",1
"Peperomia castelosensis",2
"Peperomia catharinae",73
"Peperomia circinnata",3
"Peperomia clivicola",2
"Peperomia corcovadensis",102
"Peperomia crystallina",1
"Peperomia delicatula",10
"Peperomia divaricata",2
"Peperomia galioides",4
"Peperomia glabella",108
"Peperomia glazioui",43
"Peperomia gracilicaulis",1
"Peperomia hilariana",16
"Peperomia hispidula",30
"Peperomia ibiramana",4
"Peperomia lyman-smithii",10
"Peperomia martiana",12
"Peperomia megapotamica",18
"Peperomia nitida",1
"Peperomia obtusifolia",6
"Peperomia pellucida",1
"Peperomia pereskiaefolia",34
"Peperomia pereskiifolia",9
"Peperomia pseudobcordata",2
"Peperomia pseudoestrellensis",46
"Peperomia quadrifolia",1
"Peperomia ramboi",4
"Peperomia renifolia",5
"Peperomia rotundifolia",31
"Peperomia rubricaulis",7
"Peperomia schwackei",1
"Peperomia stroemfeltii",5
"Peperomia subemarginata",1
"Peperomia tenella",6
"Peperomia tetraphylla",174
"Peperomia transparens",3
"Peperomia trineura",17
"Peperomia trineuroides",21
"Peperomia urocarpa",126
"Peperomia velloziana",5
"Peplonia axillaris",2
"Pera glabrata",56
"Pera obovata",8
"Pereskia aculeata",5
"Pereskia grandifolia",1
"Pereskia nemorosa",1
"Perezia eryngioides",1
"Perezia squarrosa",5
"Peritassa hatschbachii",17
"Persea alba",3
"Persea venosa",6
"Persea willdenovii",7
"Petunia bonjardinensis",13
"Petunia integrifolia",15
"Petunia interior",11
"Petunia scheideana",6
"Pfaffia glomerata",3
"Pfaffia tuberosa",4
"Phalaris angusta",2
"Pharus lappulaceus",4
"Phenax sonneratii",9
"Philodendron appendiculatum",52
"Philodendron bipinnatifidum",3
"Philodendron corcovadense",1
"Philodendron cordatum",2
"Philodendron crassinervium",6
"Philodendron hastatum",1
"Philodendron loefgrenii",14
"Philodendron martianum",7
"Philodendron missionum",50
"Philodendron propinquum",13
"Philodendron roseopetiolatum",10
"Phlebodium aureum",3
"Phlebodium decumanum",4
"Phlebodium pseudoaureum",3
"Phloeophila nummularia",1
"Phoradendron affine",1
"Phoradendron bathyoryctum",6
"Phoradendron chrysocladon",2
"Phoradendron craspedophyllum",1
"Phoradendron crassifolium",26
"Phoradendron linearifolium",2
"Phoradendron piperoides",5
"Phoradendron quadrangulare",1
"Phyllanthus caroliniensis",4
"Phyllanthus lindbergii",1
"Phyllanthus niruri",9
"Phyllanthus perpusillus",2
"Phyllanthus ramillosus",2
"Phyllanthus riedelianus",5
"Phyllanthus sellowianus",6
"Phyllanthus stipulatus",1
"Phyllanthus subemarginatus",1
"Phyllogonium viride",1
"Phymatidium delicatulum",18
"Phymatidium falcifolium",12
"Phymatidium hysteranthum",7
"Phymatidium microphyllum",1
"Physalis pubescens",1
"Phytolacca dioica",25
"Phytolacca thyrsiflora",9
"Picramnia excelsa",1
"Picramnia parvifolia",8
"Picramnia ramiflora",1
"Picramnia sellowii",2
"Picrasma crenata",8
"Picrosia longifolia",4
"Pilea astrogramma",3
"Pilea hilariana",6
"Pilea pubescens",24
"Pilocarpus pauciflorus",1
"Pilocarpus pennatifolius",27
"Pilotrichella flexilis",3
"Pimenta pseudocaryophyllus",18
"Piper aduncum",83
"Piper alnoides",8
"Piper amalago",30
"Piper amplum",55
"Piper arboreum",20
"Piper caldense",53
"Piper cernuum",40
"Piper corcovadensis",65
"Piper crassinervium",7
"Piper dilatatum",23
"Piper diospyrifolium",5
"Piper gaudichaudianum",115
"Piper hispidum",40
"Piper kleinii",1
"Piper lhotzkyanum",1
"Piper lucaeanum",6
"Piper macedoi",2
"Piper malacophyllum",19
"Piper mikanianum",47
"Piper miquelianum",68
"Piper mollicomum",13
"Piper mosenii",7
"Piper piritubanum",2
"Piper regnellii",1
"Piper reitzii",7
"Piper richardiifolium",2
"Piper rivinoides",23
"Piper solmsianum",73
"Piper subcinereum",1
"Piper ulei",2
"Piper umbellatum",13
"Piper xylosteoides",30
"Piptadenia gonoacantha",11
"Piptadenia paniculata",5
"Piptocarpha angustifolia",13
"Piptocarpha axillaris",65
"Piptocarpha macropoda",1
"Piptocarpha notata",2
"Piptocarpha oblonga",27
"Piptocarpha organensis",3
"Piptocarpha quadrangularis",7
"Piptocarpha ramboi",1
"Piptocarpha regnellii",40
"Piptocarpha sellowii",3
"Piptochaetium lasianthum",2
"Piptochaetium montevidense",14
"Piptochaetium ruprechtianum",2
"Piptochaetium uruguense",2
"Piriqueta taubatensis",1
"Pisonia aculeata",1
"Pisonia ambigua",11
"Pistia stratiotes",3
"Pitcairnia flammea",3
"Pityrogramma calomelanos",35
"Plagiochasma rupestre",1
"Plagiochila corrugata",1
"Plagiochila gymnocalycina",1
"Plantago australis",12
"Plantago brasiliensis",2
"Plantago catharinea",8
"Plantago commersoniana",3
"Plantago guilleminiana",1
"Plantago tomentosa",2
"Plantago turficola",2
"Platyhypnidium aquaticum",1
"Platymiscium floribundum",18
"Platyrhiza quadricolor",1
"Platystele oxyglossa",2
"Platythelys schlechteriana",1
"Pleiochiton ebracteatum",20
"Pleiochiton glaziovianum",6
"Pleopeltis astrolepis",49
"Pleopeltis hirsutissima",208
"Pleopeltis lepidopteris",9
"Pleopeltis macrocarpa",57
"Pleopeltis minima",15
"Pleopeltis pleopeltidis",31
"Pleopeltis pleopeltifolia",170
"Pleurobotryum atropurpureum",1
"Pleurobotryum crepinianum",1
"Pleurostachys beyrichii",1
"Pleurostachys densefoliata",1
"Pleurostachys foliosa",8
"Pleurostachys gaudichaudii",32
"Pleurostachys orbignyana",1
"Pleurostachys stricta",8
"Pleurostachys tenuiflora",3
"Pleurostachys urvillei",47
"Plinia cordifolia",7
"Plinia edulis",3
"Plinia pseudodichasiantha",5
"Plinia rivularis",5
"Plinia trunciflora",3
"Pluchea laxiflora",3
"Pluchea oblongifolia",3
"Pluchea sagittalis",6
"Poa bradei",2
"Poa reitzii",3
"Poa umbrosa",3
"Podocarpus lambertii",5
"Podocarpus sellowii",9
"Podostemum distichum",2
"Podostemum irgangii",2
"Podostemum muelleri",5
"Podostemum rutifolium",2
"Pogonatum pensilvanicum",2
"Poiretia latifolia",3
"Polybotrya cylindrica",55
"Polygala brasiliensis",3
"Polygala campestris",2
"Polygala cneorum",1
"Polygala cyparissias",10
"Polygala equisetoides",1
"Polygala lancifolia",6
"Polygala laureola",3
"Polygala longicaulis",3
"Polygala paniculata",19
"Polygala pulchella",1
"Polygala subverticillata",5
"Polygala tenuis",2
"Polygala timoutoides",3
"Polygonum acuminatum",21
"Polygonum hydropiperoides",5
"Polygonum punctatum",28
"Polygonum stelligerum",1
"Polyphlebium angustatum",50
"Polyphlebium diaphanum",17
"Polypogon chilensis",11
"Polypogon elongatus",9
"Polystachya caespitosa",2
"Polystachya concreta",50
"Polystachya estrellensis",2
"Polystachya foliosa",1
"Polystichum montevidense",34
"Polystichum platyphyllum",1
"Polytaenium cajenense",5
"Polytaenium lineatum",1
"Polytrichum juniperinum",4
"Pomaria stipularis",1
"Pombalia parviflora",1
"Pontederia cordata",2
"Porcelia macrocarpa",2
"Porophyllum ruderale",14
"Posoqueria latifolia",42
"Pourouma guianensis",5
"Pouteria beaurepairei",5
"Pouteria caimito",3
"Pouteria salicifolia",3
"Pouteria venosa",13
"Praxelis missiona",1
"Prescottia lancifolia",6
"Prescottia oligantha",1
"Prescottia stachyodes",19
"Prestonia coalita",2
"Prionodon densus",1
"Pristimera celastroides",5
"Prockia crucis",10
"Promenaea stapelioides",2
"Prosthechea bulbosa",19
"Prosthechea fausta",9
"Prosthechea fragrans",9
"Prosthechea inversa",1
"Prosthechea pygmaea",2
"Prosthechea vespa",12
"Protium kleinii",7
"Prunus myrtifolia",48
"Prunus subcoriacea",3
"Pseudechinolaena polystachya",10
"Pseuderanthemum riedelianum",8
"Pseudobombax grandiflorum",12
"Pseudognaphalium cheiranthifolium",2
"Pseudognaphalium gaudichaudianum",2
"Psidium cattleianum",47
"Psidium guineense",3
"Psidium longipetiolatum",2
"Psidium ovale",2
"Psidium salutare",1
"Psilochilus dusenianus",3
"Psilochilus modestus",14
"Psychotria brachyceras",31
"Psychotria brachypoda",32
"Psychotria carthagenensis",71
"Psychotria deflexa",10
"Psychotria dusenii",1
"Psychotria fractistipula",3
"Psychotria hastisepala",15
"Psychotria hoffmannseggiana",4
"Psychotria laciniata",25
"Psychotria leiocarpa",88
"Psychotria mapourioides",8
"Psychotria myriantha",34
"Psychotria nemorosa",70
"Psychotria nuda",51
"Psychotria pubigera",13
"Psychotria stachyoides",33
"Psychotria stenocalyx",3
"Psychotria suterella",172
"Psychotria tenerior",11
"Psychotria vellosiana",67
"Pteridium arachnoideum",4
"Pteris altissima",8
"Pteris angustata",2
"Pteris biaurita",1
"Pteris brasiliensis",2
"Pteris decurrens",38
"Pteris deflexa",35
"Pteris denticulata",11
"Pteris lechleri",17
"Pteris splendens",36
"Pterocarpus rohrii",15
"Pterocaulon alopecuroides",20
"Pterocaulon angustifolium",3
"Pterocaulon balansae",12
"Pterocaulon lorentzii",5
"Pterocaulon polypterum",2
"Pterocaulon polystachyum",2
"Pterocaulon rugosum",1
"Pterogoniadelphus assimilis",3
"Pterolepis glomerata",1
"Ptychomitrium sellowianum",3
"Pycreus lanceolatus",1
"Pycreus niger",2
"Pycreus tener",1
"Pycreus unioloides",5
"Pyrostegia venusta",27
"Pyrrhobryum spiniforme",5
"Qualea cryptantha",9
"Quesnelia imbricata",1
"Quiina glaziovii",1
"Quillaja brasiliensis",8
"Racinaea aerisincola",3
"Racinaea spiculosa",17
"Radiovittaria stipitata",9
"Radula javanica",1
"Randia armata",1
"Randia ferox",8
"Ranunculus bonariensis",1
"Raulinoa echinata",10
"Raulinoreitzia crenulata",12
"Raulinoreitzia tremula",2
"Rauvolfia sellowii",14
"Reitzia smithii",2
"Remirea maritima",3
"Renealmia petasites",1
"Rhabdocaulon gracile",1
"Rhabdocaulon lavanduloides",1
"Rhabdocaulon stenodontum",1
"Rhamnidium elaeocarpum",3
"Rhamnidium glabrum",1
"Rhamnus sphaerosperma",15
"Rhetinantha notylioglossa",12
"Rhipsalis baccifera",3
"Rhipsalis burchellii",1
"Rhipsalis campos-portoana",36
"Rhipsalis cereuscula",1
"Rhipsalis dissimilis",4
"Rhipsalis elliptica",10
"Rhipsalis floccosa",8
"Rhipsalis grandiflora",9
"Rhipsalis neves-armondii",2
"Rhipsalis pachyptera",65
"Rhipsalis paradoxa",9
"Rhipsalis puniceodiscus",12
"Rhipsalis teres",106
"Rhipsalis trigona",7
"Rhizophora mangle",11
"Rhynchanthera brachyrhyncha",11
"Rhynchanthera cordata",1
"Rhynchosia corylifolia",3
"Rhynchosia edulis",1
"Rhynchospora asperula",4
"Rhynchospora barrosiana",3
"Rhynchospora biflora",1
"Rhynchospora brasiliensis",14
"Rhynchospora confinis",1
"Rhynchospora coriifolia",2
"Rhynchospora corymbosa",6
"Rhynchospora emaciata",2
"Rhynchospora glaziovii",9
"Rhynchospora globosa",4
"Rhynchospora holoschoenoides",3
"Rhynchospora marisculus",6
"Rhynchospora nervosa",4
"Rhynchospora polyantha",2
"Rhynchospora riparia",1
"Rhynchospora robusta",1
"Rhynchospora rugosa",1
"Rhynchospora setigera",3
"Rhynchospora splendens",7
"Rhynchospora subtilis",2
"Rhynchospora tenuis",7
"Richardia brasiliensis",14
"Richardia grandiflora",1
"Richardia humistrata",16
"Richeria grandis",8
"Rigodium toxarion",2
"Rodriguezia bracteata",3
"Rodriguezia decora",8
"Rodrigueziella handroi",1
"Rollinia maritima",1
"Rollinia sericea",10
"Rollinia sylvatica",2
"Roupala asplenioides",1
"Roupala consimilis",1
"Roupala montana",28
"Roupala pallida",3
"Rourea gracilis",5
"Rubus brasiliensis",32
"Rubus erythroclados",5
"Rubus imperialis",3
"Rubus urticifolius",3
"Rudgea coriacea",12
"Rudgea jasminoides",114
"Rudgea parquioides",49
"Rudgea recurva",54
"Ruellia angustiflora",7
"Ruellia brevifolia",7
"Ruellia multifolia",1
"Rugoloa pilosa",1
"Rumohra adiantiformis",87
"Ruprechtia laxiflora",5
"Ruprechtia paranensis",1
"Sabicea villosa",3
"Saccharum asperum",9
"Saccharum villosum",1
"Sacciolepis vilvoides",3
"Saccoloma elegans",8
"Saccoloma inaequale",1
"Sacoila lanceolata",2
"Sagittaria montevidensis",4
"Sagittaria rhombifolia",1
"Salacia elliptica",6
"Salpichlaena volubilis",2
"Salpinga margaritacea",1
"Salvia congestiflora",1
"Salvia melissiflora",2
"Salvia procurrens",2
"Salvia reitzii",1
"Salvia scoparia",1
"Salvia uliginosa",2
"Salvinia auriculata",1
"Sambucus australis",4
"Samolus subnudicaulis",3
"Sapium glandulosum",6
"Sarcoglottis uliginosa",1
"Sauvagesia erecta",4
"Sauvagesia vellozii",1
"Savia dictyocarpa",3
"Scaevola plumieri",2
"Scapania portoricensis",2
"Scaphyglottis modesta",1
"Schefflera calva",3
"Schinus engleri",1
"Schinus lentiscifolius",2
"Schinus molle",2
"Schinus terebinthifolia",15
"Schinus terebinthifolius",5
"Schinus weinmannifolius",1
"Schizachyrium condensatum",8
"Schizachyrium gracilipes",1
"Schizachyrium microstachyum",22
"Schizachyrium tenerum",6
"Schizolobium parahyba",9
"Schlegelia parviflora",1
"Schlotheimia appressifolia",10
"Schlotheimia jamesonii",4
"Schlotheimia rugifolia",4
"Schlotheimia tecta",13
"Schlotheimia torquata",1
"Schlumbergera gaertneri",2
"Schoenoplectus americanus",2
"Schoenoplectus californicus",3
"Schoenus lymansmithii",2
"Schoepfia brasiliensis",3
"Schwartzia brasiliensis",3
"Schwenckia curviflora",1
"Scleria distans",5
"Scleria gaertneri",10
"Scleria latifolia",16
"Scleria leptostachya",1
"Scleria panicoides",1
"Scleria secans",3
"Scleria sellowiana",3
"Scoparia dulcis",6
"Scoparia elliptica",1
"Scoparia montevidensis",1
"Scoparia pinnatifida",1
"Scutellaria racemosa",1
"Scutellaria uliginosa",1
"Scutia arenicola",1
"Scutia buxifolia",5
"Sebastiania argutidens",10
"Sebastiania brasiliensis",7
"Sebastiania commersoniana",4
"Sebastiania schottiana",6
"Securidaca lanceolata",1
"Seguieria aculeata",6
"Seguieria langsdorffii",7
"Selaginella contigua",1
"Selaginella flexuosa",1
"Selaginella macrostachya",1
"Selaginella marginata",7
"Selaginella muscosa",2
"Selaginella sulcata",11
"Senecio bonariensis",4
"Senecio brasiliensis",22
"Senecio crassiflorus",5
"Senecio grossidens",1
"Senecio icoglossus",7
"Senecio juergensii",2
"Senecio oleosus",3
"Senecio paranensis",1
"Senecio paulensis",2
"Senecio pinnatus",4
"Senecio platensis",2
"Senecio pulcher",2
"Senecio ramboanus",1
"Senecio subarnicoides",1
"Senegalia velutina",1
"Senna araucarietorum",1
"Senna hirsuta",1
"Senna multijuga",8
"Senna neglecta",6
"Senna oblongifolia",2
"Senna pendula",3
"Senna silvestris",1
"Serjania communis",4
"Serjania glabrata",3
"Serjania gracilis",1
"Serjania laruotteana",2
"Serjania lethalis",1
"Serjania meridionalis",1
"Serjania multiflora",7
"Serpocaulon catharinae",21
"Serpocaulon fraxinifolium",3
"Serpocaulon latipes",2
"Serpocaulon meniscifolium",3
"Serpocaulon triseriale",1
"Sesbania punicea",5
"Sessea regnellii",3
"Setaria fiebrigii",1
"Setaria globulifera",1
"Setaria parviflora",19
"Setaria scabrifolia",2
"Setaria vaginata",1
"Setaria vulpiseta",9
"Sicydium gracile",2
"Sida cordifolia",1
"Sida hatschbachii",1
"Sida lonchitis",1
"Sida planicaulis",2
"Sideroxylon obtusifolium",1
"Simira sampaioana",8
"Sinningia aggregata",3
"Sinningia allagophylla",7
"Sinningia cooperi",1
"Sinningia curtiflora",2
"Sinningia elatior",2
"Sinningia leopoldii",3
"Sinningia nivalis",3
"Sinningia reitzii",1
"Sinningia warmingii",1
"Siphocampylus betulaefolius",1
"Siphocampylus convolvulaceus",4
"Siphocampylus densidentatus",1
"Siphocampylus fimbriatus",1
"Siphocampylus verticillatus",2
"Siphoneugena reitzii",6
"Sisyrinchium alatum",1
"Sisyrinchium luzula",2
"Sisyrinchium micranthum",3
"Sisyrinchium palmifolium",4
"Sisyrinchium setaceum",2
"Sisyrinchium vaginatum",5
"Sisyrinchium wettsteinii",6
"Sloanea garckeana",2
"Sloanea guianensis",15
"Sloanea lasiocoma",10
"Sloanea monosperma",2
"Smallanthus connatus",3
"Smilax campestris",3
"Smilax cognata",2
"Smilax elastica",3
"Smilax quinquenervia",1
"Smilax staminea",1
"Solanum aculeatissimum",6
"Solanum affine",1
"Solanum alatirameum",3
"Solanum americanum",26
"Solanum aparadense",4
"Solanum apiahyense",2
"Solanum atropurpureum",3
"Solanum bistellatum",7
"Solanum bullatum",4
"Solanum campaniforme",1
"Solanum capsicoides",3
"Solanum cassioides",9
"Solanum chacoense",4
"Solanum compressum",5
"Solanum concinnum",2
"Solanum corymbiflorum",17
"Solanum cylindricum",1
"Solanum delicatulum",1
"Solanum diploconos",9
"Solanum flaccidum",5
"Solanum fusiforme",1
"Solanum glaucophyllum",1
"Solanum granulosoleprosum",1
"Solanum guaraniticum",4
"Solanum hirtellum",6
"Solanum inodorum",4
"Solanum iraniense",2
"Solanum johannae",3
"Solanum kleinii",1
"Solanum lacerdae",8
"Solanum laxum",15
"Solanum maioranthum",1
"Solanum matadori",2
"Solanum mauritianum",9
"Solanum megalochiton",12
"Solanum melissarum",1
"Solanum neei",1
"Solanum odoriferum",2
"Solanum pabstii",4
"Solanum paniculatum",2
"Solanum paranense",9
"Solanum pelagicum",4
"Solanum piluliferum",1
"Solanum pinetorum",9
"Solanum pseudoquina",26
"Solanum ramulosum",16
"Solanum reflexum",2
"Solanum reineckii",2
"Solanum reitzii",6
"Solanum rufescens",6
"Solanum sanctae-catharinae",20
"Solanum schwackeanum",1
"Solanum scuticum",5
"Solanum setosissimum",3
"Solanum sisymbriifolium",9
"Solanum stipulatum",1
"Solanum subsylvestre",1
"Solanum torvum",5
"Solanum trachytrichium",10
"Solanum vaillantii",3
"Solanum variabile",25
"Solanum viarum",5
"Solanum viscosissimum",3
"Solanum wacketii",2
"Solidago chilensis",18
"Solidago microglossa",1
"Soliva sessilis",2
"Sommerfeltia spinulosa",3
"Sophora tomentosa",4
"Sophronitis coccinea",4
"Sorghastrum minarum",1
"Sorghastrum pellitum",5
"Sorghastrum setosum",1
"Sorocea bonplandii",15
"Spartina alterniflora",2
"Spartina ciliata",2
"Spartina densiflora",1
"Spathicarpa hastifolia",7
"Spathicarpa lanceolata",1
"Specklinia grobyi",5
"Sphagneticola brachycarpa",1
"Sphagneticola trilobata",8
"Sphagnum aciphyllum",1
"Sphagnum brachybolax",2
"Sphagnum magellanicum",2
"Sphagnum obliquefibrosum",1
"Sphagnum perichaetiale",2
"Sphagnum recurvum",3
"Spigelia humboldtiana",1
"Spigelia martiana",1
"Spigelia scabra",3
"Spigelia tetraptera",3
"Spirotheca rivieri",5
"Sporobolus adustus",2
"Sporobolus indicus",10
"Sporobolus pseudairoides",1
"Squamidium leucotrichum",2
"Stachytarpheta cayennensis",5
"Stachytarpheta laevis",1
"Staurogyne eustachya",2
"Staurogyne mandioccana",1
"Steinchisma decipiens",2
"Steinchisma hians",6
"Steinchisma laxum",5
"Steiropteris decussata",1
"Stelis aprica",1
"Stelis megantha",6
"Stelis papaquerensis",1
"Stelis parvifolia",2
"Stelis ruprechtiana",5
"Stemodia trifoliata",1
"Stemodia verticillata",2
"Stenachaenium campestre",1
"Stenotaphrum secundatum",4
"Stevia clausseni",2
"Stevia tenuis",1
"Steyermarkina pyrifolia",1
"Sticherus pruinosus",1
"Stigmaphyllon tomentosum",1
"Stigmatopteris heterocarpa",2
"Stigmatosema polyaden",1
"Streptopogon brasiliensis",1
"Stromanthe papillosa",1
"Stromanthe thalia",1
"Stromanthe tonckat",7
"Struthanthus martianus",1
"Struthanthus uraguensis",6
"Strychnos brasiliensis",14
"Strychnos trinervis",14
"Stylogyne pauciflora",26
"Stylosanthes guianensis",1
"Stylosanthes leiocarpa",1
"Stylosanthes montevidensis",1
"Stylosanthes viscosa",5
"Styrax acuminatus",3
"Styrax leprosus",4
"Symphyogyna aspera",1
"Symphyopappus casarettoi",5
"Symphyopappus compressus",10
"Symphyopappus lymansmithii",1
"Symphyopappus reitzii",1
"Symphyotrichum graminifolium",4
"Symphyotrichum regnellii",1
"Symphyotrichum squamatum",1
"Symplocos celastrinea",4
"Symplocos corymboclados",1
"Symplocos laxiflora",1
"Symplocos pustulosa",1
"Symplocos tenuifolia",8
"Symplocos tetrandra",2
"Symplocos uniflora",2
"Synedrella nodiflora",1
"Syngonanthus caulescens",7
"Syngonanthus chrysanthus",5
"Syngonanthus fischerianus",4
"Syntrichia papillosa",2
"Syrrhopodon gaudichaudii",8
"Syzygiella perfoliata",1
"Tabernaemontana catharinensis",25
"Tanaecium mutabile",2
"Tanaecium pyramidatum",4
"Tanaecium selloi",10
"Tapirira guianensis",8
"Tarenaya hassleriana",4
"Tectaria incisa",3
"Telaranea nematodes",2
"Temnadenia odorifera",1
"Tephrosia adunca",1
"Tephrosia cinerea",1
"Terminalia australis",4
"Terminalia reitzii",1
"Ternstroemia brasiliensis",4
"Tetracera sellowiana",1
"Tetrorchidium rubrivenium",9
"Thaumatocaryon dasyanthum",5
"Thelypteris decussata",2
"Thelypteris hispidula",2
"Thelypteris iguapensis",1
"Thelypteris longifolia",1
"Thelypteris opposita",1
"Thelypteris patens",1
"Thelypteris vivipara",2
"Thuidium tomentosum",1
"Tibouchina cerastifolia",6
"Tibouchina clinopodifolia",9
"Tibouchina gracilis",14
"Tibouchina herbacea",1
"Tibouchina hospita",4
"Tibouchina kleinii",7
"Tibouchina mutabilis",1
"Tibouchina nitida",1
"Tibouchina pilosa",12
"Tibouchina pulchra",6
"Tibouchina ramboi",4
"Tibouchina reitzii",3
"Tibouchina rupestris",4
"Tibouchina sellowiana",6
"Tibouchina trichopoda",4
"Tibouchina urbanii",6
"Tibouchina ursina",4
"Tibouchina urvilleana",16
"Tibouchina versicolor",2
"Tillandsia aeranthos",1
"Tillandsia dura",4
"Tillandsia gardneri",4
"Tillandsia geminiflora",9
"Tillandsia mallemontii",6
"Tillandsia montana",1
"Tillandsia stricta",18
"Tillandsia tenuifolia",12
"Tillandsia usneoides",3
"Tocoyena sellowiana",4
"Tortella humilis",2
"Tortula muralis",1
"Tournefortia bicolor",4
"Tournefortia membranacea",1
"Trachypogon spicatus",2
"Tradescantia fluminensis",7
"Tradescantia zanonia",3
"Tragia alienata",1
"Tragia giardelliae",1
"Tragia volubilis",10
"Trema micrantha",21
"Trichilia casaretti",5
"Trichilia catigua",4
"Trichilia claussenii",9
"Trichilia elegans",14
"Trichilia pallens",9
"Trichilia silvatica",4
"Trichocline catharinensis",9
"Trichocline macrocephala",3
"Trichocline speciosa",2
"Trichomanes polypodioides",2
"Trichomanes rigidum",2
"Trichomanes rupestre",1
"Trichostigma octandrum",1
"Trifolium riograndense",3
"Triglochin striata",3
"Trigonia nivea",4
"Trigonidium latifolium",1
"Trigonidium obtusum",1
"Trimezia martinicensis",2
"Triodanis perfoliata",2
"Triplaris americana",1
"Tripodanthus acutifolius",8
"Tripogandra diuretica",3
"Tristicha trifaria",3
"Trithrinax brasiliensis",1
"Triumfetta obscura",2
"Triumfetta semitriloba",8
"Trixis lessingii",4
"Trixis praestans",1
"Trixis thyrsoidea",1
"Trizeuxis falcata",1
"Turnera capitata",2
"Tynanthus cognatus",1
"Tynanthus elegans",3
"Typha domingensis",3
"Urera baccifera",4
"Urolepis hecatantha",5
"Urvillea ulmacea",6
"Utricularia foliosa",1
"Utricularia gibba",1
"Utricularia reniformis",1
"Utricularia tricolor",1
"Utricularia tridentata",2
"Valeriana catharinensis",2
"Valeriana eichleriana",1
"Valeriana glechomifolia",2
"Valeriana muelleri",2
"Valeriana reitziana",1
"Valeriana salicariifolia",4
"Valeriana scandens",9
"Valeriana ulei",2
"Vandenboschia radicans",1
"Vanilla edwallii",2
"Vantanea compacta",11
"Varronia curassavica",1
"Vassobia breviflora",7
"Verbena alata",3
"Verbena bonariensis",4
"Verbena ephedroides",1
"Verbena filicaulis",3
"Verbena hirta",2
"Verbena litoralis",10
"Verbena montevidensis",6
"Verbena ovata",1
"Verbena rigida",4
"Verbesina glabrata",3
"Vernonanthura catharinensis",2
"Vernonanthura chamaedrys",2
"Vernonanthura discolor",16
"Vernonanthura divaricata",8
"Vernonanthura montevidensis",7
"Vernonanthura nudiflora",3
"Vernonanthura petiolaris",2
"Vernonanthura polyanthes",1
"Vernonanthura tweedieana",13
"Vernonanthura westiniana",3
"Vernonia discolor",5
"Vernonia echioides",4
"Vernonia mucronulata",1
"Vernonia quinqueflora",1
"Vicia stenophylla",1
"Viguiera trichophylla",1
"Vitalianthus bischlerianus",2
"Vitex megapotamica",26
"Vitex polygama",1
"Vittaria lineata",5
"Vittetia orbiculata",1
"Vriesea altodaserrae",2
"Vriesea carinata",10
"Vriesea corcovadensis",1
"Vriesea ensiformis",2
"Vriesea erythrodactylon",4
"Vriesea flammea",6
"Vriesea friburgensis",5
"Vriesea guttata",4
"Vriesea hoehneana",1
"Vriesea incurvata",7
"Vriesea inflata",1
"Vriesea longicaulis",1
"Vriesea lubbersii",3
"Vriesea philippocoburgii",2
"Vriesea platynema",4
"Vriesea platzmannii",1
"Vriesea rodigasiana",4
"Vriesea scalaris",1
"Vriesea tijucana",1
"Vriesea unilateralis",2
"Vriesea vagans",3
"Wahlenbergia linarioides",7
"Waltheria communis",3
"Weinmannia humilis",1
"Weinmannia paulliniifolia",6
"Weinmannia pinnata",3
"Wilbrandia ebracteata",2
"Xylobium variegatum",1
"Xylopia brasiliensis",3
"Xylosma ciliatifolia",2
"Xylosma prockia",4
"Xylosma pseudosalzmanii",2
"Xyris capensis",1
"Xyris guaranitica",1
"Xyris lucida",2
"Xyris regnellii",2
"Xyris savanensis",1
"Xyris schizachne",1
"Xyris sororia",1
"Xyris stenophylla",3
"Xyris teres",1
"Xyris vacillans",1
"Zanthoxylum fagara",2
"Zanthoxylum kleinii",4
"Zanthoxylum petiolare",1
"Zanthoxylum rhoifolium",19
"Zizaniopsis microstachya",1
"Zollernia ilicifolia",15
"Zornia burkartii",1
"Zornia latifolia",1
"Zornia reticulata",2
"Zygopetalum crinitum",1
"Zygopetalum maxillare",2
"Zygostigma australe",3
